day,hosp,icu,vent,scenario
0,0.0,0.0,0.0,test_soc_5
1,34.0,14.0,7.0,test_soc_5
2,37.0,15.0,8.0,test_soc_5
3,39.0,16.0,8.0,test_soc_5
4,42.0,17.0,9.0,test_soc_5
5,45.0,18.0,9.0,test_soc_5
6,48.0,20.0,10.0,test_soc_5
7,52.0,21.0,11.0,test_soc_5
8,55.0,22.0,11.0,test_soc_5
9,59.0,24.0,12.0,test_soc_5
10,63.0,25.0,13.0,test_soc_5
11,67.0,27.0,14.0,test_soc_5
12,72.0,29.0,15.0,test_soc_5
13,77.0,31.0,16.0,test_soc_5
14,82.0,33.0,17.0,test_soc_5
15,87.0,35.0,18.0,test_soc_5
16,93.0,37.0,19.0,test_soc_5
17,99.0,40.0,20.0,test_soc_5
18,105.0,42.0,21.0,test_soc_5
19,112.0,45.0,23.0,test_soc_5
20,118.0,48.0,24.0,test_soc_5
21,126.0,51.0,26.0,test_soc_5
22,133.0,54.0,27.0,test_soc_5
23,141.0,57.0,29.0,test_soc_5
24,149.0,60.0,30.0,test_soc_5
25,157.0,63.0,32.0,test_soc_5
26,166.0,67.0,34.0,test_soc_5
27,175.0,70.0,35.0,test_soc_5
28,184.0,74.0,37.0,test_soc_5
29,193.0,78.0,39.0,test_soc_5
30,203.0,81.0,41.0,test_soc_5
31,212.0,85.0,43.0,test_soc_5
32,222.0,89.0,45.0,test_soc_5
33,231.0,93.0,47.0,test_soc_5
34,240.0,96.0,48.0,test_soc_5
35,250.0,100.0,50.0,test_soc_5
36,259.0,104.0,52.0,test_soc_5
37,267.0,107.0,54.0,test_soc_5
38,275.0,110.0,55.0,test_soc_5
39,283.0,113.0,57.0,test_soc_5
40,290.0,116.0,58.0,test_soc_5
41,296.0,119.0,60.0,test_soc_5
42,301.0,121.0,61.0,test_soc_5
43,305.0,122.0,61.0,test_soc_5
44,308.0,124.0,62.0,test_soc_5
45,310.0,124.0,62.0,test_soc_5
46,311.0,125.0,63.0,test_soc_5
47,310.0,124.0,62.0,test_soc_5
48,308.0,123.0,62.0,test_soc_5
49,304.0,122.0,61.0,test_soc_5
50,298.0,120.0,60.0,test_soc_5
51,291.0,117.0,59.0,test_soc_5
52,283.0,113.0,57.0,test_soc_5
53,273.0,109.0,55.0,test_soc_5
54,261.0,105.0,53.0,test_soc_5
55,247.0,99.0,50.0,test_soc_5
56,233.0,93.0,47.0,test_soc_5
57,217.0,87.0,44.0,test_soc_5
58,199.0,80.0,40.0,test_soc_5
59,181.0,73.0,37.0,test_soc_5
60,161.0,65.0,33.0,test_soc_5
61,141.0,57.0,29.0,test_soc_5
62,120.0,48.0,24.0,test_soc_5
63,99.0,40.0,20.0,test_soc_5
64,77.0,31.0,16.0,test_soc_5
65,55.0,22.0,11.0,test_soc_5
66,33.0,14.0,7.0,test_soc_5
67,12.0,5.0,3.0,test_soc_5
68,0.0,0.0,0.0,test_soc_5
69,0.0,0.0,0.0,test_soc_5
70,0.0,0.0,0.0,test_soc_5
71,0.0,0.0,0.0,test_soc_5
72,0.0,0.0,0.0,test_soc_5
73,0.0,0.0,0.0,test_soc_5
74,0.0,0.0,0.0,test_soc_5
75,0.0,0.0,0.0,test_soc_5
76,0.0,0.0,0.0,test_soc_5
77,0.0,0.0,0.0,test_soc_5
78,0.0,0.0,0.0,test_soc_5
79,0.0,0.0,0.0,test_soc_5
80,0.0,0.0,0.0,test_soc_5
81,0.0,0.0,0.0,test_soc_5
82,0.0,0.0,0.0,test_soc_5
83,0.0,0.0,0.0,test_soc_5
84,0.0,0.0,0.0,test_soc_5
85,0.0,0.0,0.0,test_soc_5
86,0.0,0.0,0.0,test_soc_5
87,0.0,0.0,0.0,test_soc_5
88,0.0,0.0,0.0,test_soc_5
89,0.0,0.0,0.0,test_soc_5
90,0.0,0.0,0.0,test_soc_5
91,0.0,0.0,0.0,test_soc_5
92,0.0,0.0,0.0,test_soc_5
93,0.0,0.0,0.0,test_soc_5
94,0.0,0.0,0.0,test_soc_5
95,0.0,0.0,0.0,test_soc_5
96,0.0,0.0,0.0,test_soc_5
97,0.0,0.0,0.0,test_soc_5
98,0.0,0.0,0.0,test_soc_5
99,0.0,0.0,0.0,test_soc_5
100,0.0,0.0,0.0,test_soc_5
101,0.0,0.0,0.0,test_soc_5
102,0.0,0.0,0.0,test_soc_5
103,0.0,0.0,0.0,test_soc_5
104,0.0,0.0,0.0,test_soc_5
105,0.0,0.0,0.0,test_soc_5
106,0.0,0.0,0.0,test_soc_5
107,0.0,0.0,0.0,test_soc_5
108,0.0,0.0,0.0,test_soc_5
109,0.0,0.0,0.0,test_soc_5
110,0.0,0.0,0.0,test_soc_5
111,0.0,0.0,0.0,test_soc_5
112,0.0,0.0,0.0,test_soc_5
113,0.0,0.0,0.0,test_soc_5
114,0.0,0.0,0.0,test_soc_5
115,0.0,0.0,0.0,test_soc_5
116,0.0,0.0,0.0,test_soc_5
117,0.0,0.0,0.0,test_soc_5
118,0.0,0.0,0.0,test_soc_5
119,0.0,0.0,0.0,test_soc_5
120,,,,test_soc_5
0,0.0,0.0,0.0,test_soc_10
1,34.0,14.0,7.0,test_soc_10
2,37.0,15.0,8.0,test_soc_10
3,39.0,16.0,8.0,test_soc_10
4,42.0,17.0,9.0,test_soc_10
5,45.0,18.0,9.0,test_soc_10
6,48.0,20.0,10.0,test_soc_10
7,52.0,21.0,11.0,test_soc_10
8,55.0,22.0,11.0,test_soc_10
9,59.0,24.0,12.0,test_soc_10
10,63.0,25.0,13.0,test_soc_10
11,67.0,27.0,14.0,test_soc_10
12,72.0,29.0,15.0,test_soc_10
13,77.0,31.0,16.0,test_soc_10
14,82.0,33.0,17.0,test_soc_10
15,87.0,35.0,18.0,test_soc_10
16,93.0,37.0,19.0,test_soc_10
17,99.0,40.0,20.0,test_soc_10
18,105.0,42.0,21.0,test_soc_10
19,112.0,45.0,23.0,test_soc_10
20,118.0,48.0,24.0,test_soc_10
21,126.0,51.0,26.0,test_soc_10
22,133.0,54.0,27.0,test_soc_10
23,141.0,57.0,29.0,test_soc_10
24,149.0,60.0,30.0,test_soc_10
25,157.0,63.0,32.0,test_soc_10
26,166.0,67.0,34.0,test_soc_10
27,175.0,70.0,35.0,test_soc_10
28,184.0,74.0,37.0,test_soc_10
29,193.0,78.0,39.0,test_soc_10
30,203.0,81.0,41.0,test_soc_10
31,212.0,85.0,43.0,test_soc_10
32,222.0,89.0,45.0,test_soc_10
33,231.0,93.0,47.0,test_soc_10
34,240.0,96.0,48.0,test_soc_10
35,250.0,100.0,50.0,test_soc_10
36,259.0,104.0,52.0,test_soc_10
37,267.0,107.0,54.0,test_soc_10
38,275.0,110.0,55.0,test_soc_10
39,283.0,113.0,57.0,test_soc_10
40,290.0,116.0,58.0,test_soc_10
41,296.0,119.0,60.0,test_soc_10
42,301.0,121.0,61.0,test_soc_10
43,305.0,122.0,61.0,test_soc_10
44,308.0,124.0,62.0,test_soc_10
45,310.0,124.0,62.0,test_soc_10
46,311.0,125.0,63.0,test_soc_10
47,310.0,124.0,62.0,test_soc_10
48,308.0,123.0,62.0,test_soc_10
49,304.0,122.0,61.0,test_soc_10
50,298.0,120.0,60.0,test_soc_10
51,291.0,117.0,59.0,test_soc_10
52,283.0,113.0,57.0,test_soc_10
53,273.0,109.0,55.0,test_soc_10
54,261.0,105.0,53.0,test_soc_10
55,247.0,99.0,50.0,test_soc_10
56,233.0,93.0,47.0,test_soc_10
57,217.0,87.0,44.0,test_soc_10
58,199.0,80.0,40.0,test_soc_10
59,181.0,73.0,37.0,test_soc_10
60,161.0,65.0,33.0,test_soc_10
61,141.0,57.0,29.0,test_soc_10
62,120.0,48.0,24.0,test_soc_10
63,99.0,40.0,20.0,test_soc_10
64,77.0,31.0,16.0,test_soc_10
65,55.0,22.0,11.0,test_soc_10
66,33.0,14.0,7.0,test_soc_10
67,12.0,5.0,3.0,test_soc_10
68,0.0,0.0,0.0,test_soc_10
69,0.0,0.0,0.0,test_soc_10
70,0.0,0.0,0.0,test_soc_10
71,0.0,0.0,0.0,test_soc_10
72,0.0,0.0,0.0,test_soc_10
73,0.0,0.0,0.0,test_soc_10
74,0.0,0.0,0.0,test_soc_10
75,0.0,0.0,0.0,test_soc_10
76,0.0,0.0,0.0,test_soc_10
77,0.0,0.0,0.0,test_soc_10
78,0.0,0.0,0.0,test_soc_10
79,0.0,0.0,0.0,test_soc_10
80,0.0,0.0,0.0,test_soc_10
81,0.0,0.0,0.0,test_soc_10
82,0.0,0.0,0.0,test_soc_10
83,0.0,0.0,0.0,test_soc_10
84,0.0,0.0,0.0,test_soc_10
85,0.0,0.0,0.0,test_soc_10
86,0.0,0.0,0.0,test_soc_10
87,0.0,0.0,0.0,test_soc_10
88,0.0,0.0,0.0,test_soc_10
89,0.0,0.0,0.0,test_soc_10
90,0.0,0.0,0.0,test_soc_10
91,0.0,0.0,0.0,test_soc_10
92,0.0,0.0,0.0,test_soc_10
93,0.0,0.0,0.0,test_soc_10
94,0.0,0.0,0.0,test_soc_10
95,0.0,0.0,0.0,test_soc_10
96,0.0,0.0,0.0,test_soc_10
97,0.0,0.0,0.0,test_soc_10
98,0.0,0.0,0.0,test_soc_10
99,0.0,0.0,0.0,test_soc_10
100,0.0,0.0,0.0,test_soc_10
101,0.0,0.0,0.0,test_soc_10
102,0.0,0.0,0.0,test_soc_10
103,0.0,0.0,0.0,test_soc_10
104,0.0,0.0,0.0,test_soc_10
105,0.0,0.0,0.0,test_soc_10
106,0.0,0.0,0.0,test_soc_10
107,0.0,0.0,0.0,test_soc_10
108,0.0,0.0,0.0,test_soc_10
109,0.0,0.0,0.0,test_soc_10
110,0.0,0.0,0.0,test_soc_10
111,0.0,0.0,0.0,test_soc_10
112,0.0,0.0,0.0,test_soc_10
113,0.0,0.0,0.0,test_soc_10
114,0.0,0.0,0.0,test_soc_10
115,0.0,0.0,0.0,test_soc_10
116,0.0,0.0,0.0,test_soc_10
117,0.0,0.0,0.0,test_soc_10
118,0.0,0.0,0.0,test_soc_10
119,0.0,0.0,0.0,test_soc_10
120,,,,test_soc_10
0,0.0,0.0,0.0,test_soc_15
1,34.0,14.0,7.0,test_soc_15
2,37.0,15.0,8.0,test_soc_15
3,39.0,16.0,8.0,test_soc_15
4,42.0,17.0,9.0,test_soc_15
5,45.0,18.0,9.0,test_soc_15
6,48.0,20.0,10.0,test_soc_15
7,52.0,21.0,11.0,test_soc_15
8,55.0,22.0,11.0,test_soc_15
9,59.0,24.0,12.0,test_soc_15
10,63.0,25.0,13.0,test_soc_15
11,67.0,27.0,14.0,test_soc_15
12,72.0,29.0,15.0,test_soc_15
13,77.0,31.0,16.0,test_soc_15
14,82.0,33.0,17.0,test_soc_15
15,87.0,35.0,18.0,test_soc_15
16,93.0,37.0,19.0,test_soc_15
17,99.0,40.0,20.0,test_soc_15
18,105.0,42.0,21.0,test_soc_15
19,112.0,45.0,23.0,test_soc_15
20,118.0,48.0,24.0,test_soc_15
21,126.0,51.0,26.0,test_soc_15
22,133.0,54.0,27.0,test_soc_15
23,141.0,57.0,29.0,test_soc_15
24,149.0,60.0,30.0,test_soc_15
25,157.0,63.0,32.0,test_soc_15
26,166.0,67.0,34.0,test_soc_15
27,175.0,70.0,35.0,test_soc_15
28,184.0,74.0,37.0,test_soc_15
29,193.0,78.0,39.0,test_soc_15
30,203.0,81.0,41.0,test_soc_15
31,212.0,85.0,43.0,test_soc_15
32,222.0,89.0,45.0,test_soc_15
33,231.0,93.0,47.0,test_soc_15
34,240.0,96.0,48.0,test_soc_15
35,250.0,100.0,50.0,test_soc_15
36,259.0,104.0,52.0,test_soc_15
37,267.0,107.0,54.0,test_soc_15
38,275.0,110.0,55.0,test_soc_15
39,283.0,113.0,57.0,test_soc_15
40,290.0,116.0,58.0,test_soc_15
41,296.0,119.0,60.0,test_soc_15
42,301.0,121.0,61.0,test_soc_15
43,305.0,122.0,61.0,test_soc_15
44,308.0,124.0,62.0,test_soc_15
45,310.0,124.0,62.0,test_soc_15
46,311.0,125.0,63.0,test_soc_15
47,310.0,124.0,62.0,test_soc_15
48,308.0,123.0,62.0,test_soc_15
49,304.0,122.0,61.0,test_soc_15
50,298.0,120.0,60.0,test_soc_15
51,291.0,117.0,59.0,test_soc_15
52,283.0,113.0,57.0,test_soc_15
53,273.0,109.0,55.0,test_soc_15
54,261.0,105.0,53.0,test_soc_15
55,247.0,99.0,50.0,test_soc_15
56,233.0,93.0,47.0,test_soc_15
57,217.0,87.0,44.0,test_soc_15
58,199.0,80.0,40.0,test_soc_15
59,181.0,73.0,37.0,test_soc_15
60,161.0,65.0,33.0,test_soc_15
61,141.0,57.0,29.0,test_soc_15
62,120.0,48.0,24.0,test_soc_15
63,99.0,40.0,20.0,test_soc_15
64,77.0,31.0,16.0,test_soc_15
65,55.0,22.0,11.0,test_soc_15
66,33.0,14.0,7.0,test_soc_15
67,12.0,5.0,3.0,test_soc_15
68,0.0,0.0,0.0,test_soc_15
69,0.0,0.0,0.0,test_soc_15
70,0.0,0.0,0.0,test_soc_15
71,0.0,0.0,0.0,test_soc_15
72,0.0,0.0,0.0,test_soc_15
73,0.0,0.0,0.0,test_soc_15
74,0.0,0.0,0.0,test_soc_15
75,0.0,0.0,0.0,test_soc_15
76,0.0,0.0,0.0,test_soc_15
77,0.0,0.0,0.0,test_soc_15
78,0.0,0.0,0.0,test_soc_15
79,0.0,0.0,0.0,test_soc_15
80,0.0,0.0,0.0,test_soc_15
81,0.0,0.0,0.0,test_soc_15
82,0.0,0.0,0.0,test_soc_15
83,0.0,0.0,0.0,test_soc_15
84,0.0,0.0,0.0,test_soc_15
85,0.0,0.0,0.0,test_soc_15
86,0.0,0.0,0.0,test_soc_15
87,0.0,0.0,0.0,test_soc_15
88,0.0,0.0,0.0,test_soc_15
89,0.0,0.0,0.0,test_soc_15
90,0.0,0.0,0.0,test_soc_15
91,0.0,0.0,0.0,test_soc_15
92,0.0,0.0,0.0,test_soc_15
93,0.0,0.0,0.0,test_soc_15
94,0.0,0.0,0.0,test_soc_15
95,0.0,0.0,0.0,test_soc_15
96,0.0,0.0,0.0,test_soc_15
97,0.0,0.0,0.0,test_soc_15
98,0.0,0.0,0.0,test_soc_15
99,0.0,0.0,0.0,test_soc_15
100,0.0,0.0,0.0,test_soc_15
101,0.0,0.0,0.0,test_soc_15
102,0.0,0.0,0.0,test_soc_15
103,0.0,0.0,0.0,test_soc_15
104,0.0,0.0,0.0,test_soc_15
105,0.0,0.0,0.0,test_soc_15
106,0.0,0.0,0.0,test_soc_15
107,0.0,0.0,0.0,test_soc_15
108,0.0,0.0,0.0,test_soc_15
109,0.0,0.0,0.0,test_soc_15
110,0.0,0.0,0.0,test_soc_15
111,0.0,0.0,0.0,test_soc_15
112,0.0,0.0,0.0,test_soc_15
113,0.0,0.0,0.0,test_soc_15
114,0.0,0.0,0.0,test_soc_15
115,0.0,0.0,0.0,test_soc_15
116,0.0,0.0,0.0,test_soc_15
117,0.0,0.0,0.0,test_soc_15
118,0.0,0.0,0.0,test_soc_15
119,0.0,0.0,0.0,test_soc_15
120,,,,test_soc_15
0,0.0,0.0,0.0,test_soc_20
1,34.0,14.0,7.0,test_soc_20
2,37.0,15.0,8.0,test_soc_20
3,39.0,16.0,8.0,test_soc_20
4,42.0,17.0,9.0,test_soc_20
5,45.0,18.0,9.0,test_soc_20
6,48.0,20.0,10.0,test_soc_20
7,52.0,21.0,11.0,test_soc_20
8,55.0,22.0,11.0,test_soc_20
9,59.0,24.0,12.0,test_soc_20
10,63.0,25.0,13.0,test_soc_20
11,67.0,27.0,14.0,test_soc_20
12,72.0,29.0,15.0,test_soc_20
13,77.0,31.0,16.0,test_soc_20
14,82.0,33.0,17.0,test_soc_20
15,87.0,35.0,18.0,test_soc_20
16,93.0,37.0,19.0,test_soc_20
17,99.0,40.0,20.0,test_soc_20
18,105.0,42.0,21.0,test_soc_20
19,112.0,45.0,23.0,test_soc_20
20,118.0,48.0,24.0,test_soc_20
21,126.0,51.0,26.0,test_soc_20
22,133.0,54.0,27.0,test_soc_20
23,141.0,57.0,29.0,test_soc_20
24,149.0,60.0,30.0,test_soc_20
25,157.0,63.0,32.0,test_soc_20
26,166.0,67.0,34.0,test_soc_20
27,175.0,70.0,35.0,test_soc_20
28,184.0,74.0,37.0,test_soc_20
29,193.0,78.0,39.0,test_soc_20
30,203.0,81.0,41.0,test_soc_20
31,212.0,85.0,43.0,test_soc_20
32,222.0,89.0,45.0,test_soc_20
33,231.0,93.0,47.0,test_soc_20
34,240.0,96.0,48.0,test_soc_20
35,250.0,100.0,50.0,test_soc_20
36,259.0,104.0,52.0,test_soc_20
37,267.0,107.0,54.0,test_soc_20
38,275.0,110.0,55.0,test_soc_20
39,283.0,113.0,57.0,test_soc_20
40,290.0,116.0,58.0,test_soc_20
41,296.0,119.0,60.0,test_soc_20
42,301.0,121.0,61.0,test_soc_20
43,305.0,122.0,61.0,test_soc_20
44,308.0,124.0,62.0,test_soc_20
45,310.0,124.0,62.0,test_soc_20
46,311.0,125.0,63.0,test_soc_20
47,310.0,124.0,62.0,test_soc_20
48,308.0,123.0,62.0,test_soc_20
49,304.0,122.0,61.0,test_soc_20
50,298.0,120.0,60.0,test_soc_20
51,291.0,117.0,59.0,test_soc_20
52,283.0,113.0,57.0,test_soc_20
53,273.0,109.0,55.0,test_soc_20
54,261.0,105.0,53.0,test_soc_20
55,247.0,99.0,50.0,test_soc_20
56,233.0,93.0,47.0,test_soc_20
57,217.0,87.0,44.0,test_soc_20
58,199.0,80.0,40.0,test_soc_20
59,181.0,73.0,37.0,test_soc_20
60,161.0,65.0,33.0,test_soc_20
61,141.0,57.0,29.0,test_soc_20
62,120.0,48.0,24.0,test_soc_20
63,99.0,40.0,20.0,test_soc_20
64,77.0,31.0,16.0,test_soc_20
65,55.0,22.0,11.0,test_soc_20
66,33.0,14.0,7.0,test_soc_20
67,12.0,5.0,3.0,test_soc_20
68,0.0,0.0,0.0,test_soc_20
69,0.0,0.0,0.0,test_soc_20
70,0.0,0.0,0.0,test_soc_20
71,0.0,0.0,0.0,test_soc_20
72,0.0,0.0,0.0,test_soc_20
73,0.0,0.0,0.0,test_soc_20
74,0.0,0.0,0.0,test_soc_20
75,0.0,0.0,0.0,test_soc_20
76,0.0,0.0,0.0,test_soc_20
77,0.0,0.0,0.0,test_soc_20
78,0.0,0.0,0.0,test_soc_20
79,0.0,0.0,0.0,test_soc_20
80,0.0,0.0,0.0,test_soc_20
81,0.0,0.0,0.0,test_soc_20
82,0.0,0.0,0.0,test_soc_20
83,0.0,0.0,0.0,test_soc_20
84,0.0,0.0,0.0,test_soc_20
85,0.0,0.0,0.0,test_soc_20
86,0.0,0.0,0.0,test_soc_20
87,0.0,0.0,0.0,test_soc_20
88,0.0,0.0,0.0,test_soc_20
89,0.0,0.0,0.0,test_soc_20
90,0.0,0.0,0.0,test_soc_20
91,0.0,0.0,0.0,test_soc_20
92,0.0,0.0,0.0,test_soc_20
93,0.0,0.0,0.0,test_soc_20
94,0.0,0.0,0.0,test_soc_20
95,0.0,0.0,0.0,test_soc_20
96,0.0,0.0,0.0,test_soc_20
97,0.0,0.0,0.0,test_soc_20
98,0.0,0.0,0.0,test_soc_20
99,0.0,0.0,0.0,test_soc_20
100,0.0,0.0,0.0,test_soc_20
101,0.0,0.0,0.0,test_soc_20
102,0.0,0.0,0.0,test_soc_20
103,0.0,0.0,0.0,test_soc_20
104,0.0,0.0,0.0,test_soc_20
105,0.0,0.0,0.0,test_soc_20
106,0.0,0.0,0.0,test_soc_20
107,0.0,0.0,0.0,test_soc_20
108,0.0,0.0,0.0,test_soc_20
109,0.0,0.0,0.0,test_soc_20
110,0.0,0.0,0.0,test_soc_20
111,0.0,0.0,0.0,test_soc_20
112,0.0,0.0,0.0,test_soc_20
113,0.0,0.0,0.0,test_soc_20
114,0.0,0.0,0.0,test_soc_20
115,0.0,0.0,0.0,test_soc_20
116,0.0,0.0,0.0,test_soc_20
117,0.0,0.0,0.0,test_soc_20
118,0.0,0.0,0.0,test_soc_20
119,0.0,0.0,0.0,test_soc_20
120,,,,test_soc_20
0,0.0,0.0,0.0,test_soc_25
1,34.0,14.0,7.0,test_soc_25
2,37.0,15.0,8.0,test_soc_25
3,39.0,16.0,8.0,test_soc_25
4,42.0,17.0,9.0,test_soc_25
5,45.0,18.0,9.0,test_soc_25
6,48.0,20.0,10.0,test_soc_25
7,52.0,21.0,11.0,test_soc_25
8,55.0,22.0,11.0,test_soc_25
9,59.0,24.0,12.0,test_soc_25
10,63.0,25.0,13.0,test_soc_25
11,67.0,27.0,14.0,test_soc_25
12,72.0,29.0,15.0,test_soc_25
13,77.0,31.0,16.0,test_soc_25
14,82.0,33.0,17.0,test_soc_25
15,87.0,35.0,18.0,test_soc_25
16,93.0,37.0,19.0,test_soc_25
17,99.0,40.0,20.0,test_soc_25
18,105.0,42.0,21.0,test_soc_25
19,112.0,45.0,23.0,test_soc_25
20,118.0,48.0,24.0,test_soc_25
21,126.0,51.0,26.0,test_soc_25
22,133.0,54.0,27.0,test_soc_25
23,141.0,57.0,29.0,test_soc_25
24,149.0,60.0,30.0,test_soc_25
25,157.0,63.0,32.0,test_soc_25
26,166.0,67.0,34.0,test_soc_25
27,175.0,70.0,35.0,test_soc_25
28,184.0,74.0,37.0,test_soc_25
29,193.0,78.0,39.0,test_soc_25
30,203.0,81.0,41.0,test_soc_25
31,212.0,85.0,43.0,test_soc_25
32,222.0,89.0,45.0,test_soc_25
33,231.0,93.0,47.0,test_soc_25
34,240.0,96.0,48.0,test_soc_25
35,250.0,100.0,50.0,test_soc_25
36,259.0,104.0,52.0,test_soc_25
37,267.0,107.0,54.0,test_soc_25
38,275.0,110.0,55.0,test_soc_25
39,283.0,113.0,57.0,test_soc_25
40,290.0,116.0,58.0,test_soc_25
41,296.0,119.0,60.0,test_soc_25
42,301.0,121.0,61.0,test_soc_25
43,305.0,122.0,61.0,test_soc_25
44,308.0,124.0,62.0,test_soc_25
45,310.0,124.0,62.0,test_soc_25
46,311.0,125.0,63.0,test_soc_25
47,310.0,124.0,62.0,test_soc_25
48,308.0,123.0,62.0,test_soc_25
49,304.0,122.0,61.0,test_soc_25
50,298.0,120.0,60.0,test_soc_25
51,291.0,117.0,59.0,test_soc_25
52,283.0,113.0,57.0,test_soc_25
53,273.0,109.0,55.0,test_soc_25
54,261.0,105.0,53.0,test_soc_25
55,247.0,99.0,50.0,test_soc_25
56,233.0,93.0,47.0,test_soc_25
57,217.0,87.0,44.0,test_soc_25
58,199.0,80.0,40.0,test_soc_25
59,181.0,73.0,37.0,test_soc_25
60,161.0,65.0,33.0,test_soc_25
61,141.0,57.0,29.0,test_soc_25
62,120.0,48.0,24.0,test_soc_25
63,99.0,40.0,20.0,test_soc_25
64,77.0,31.0,16.0,test_soc_25
65,55.0,22.0,11.0,test_soc_25
66,33.0,14.0,7.0,test_soc_25
67,12.0,5.0,3.0,test_soc_25
68,0.0,0.0,0.0,test_soc_25
69,0.0,0.0,0.0,test_soc_25
70,0.0,0.0,0.0,test_soc_25
71,0.0,0.0,0.0,test_soc_25
72,0.0,0.0,0.0,test_soc_25
73,0.0,0.0,0.0,test_soc_25
74,0.0,0.0,0.0,test_soc_25
75,0.0,0.0,0.0,test_soc_25
76,0.0,0.0,0.0,test_soc_25
77,0.0,0.0,0.0,test_soc_25
78,0.0,0.0,0.0,test_soc_25
79,0.0,0.0,0.0,test_soc_25
80,0.0,0.0,0.0,test_soc_25
81,0.0,0.0,0.0,test_soc_25
82,0.0,0.0,0.0,test_soc_25
83,0.0,0.0,0.0,test_soc_25
84,0.0,0.0,0.0,test_soc_25
85,0.0,0.0,0.0,test_soc_25
86,0.0,0.0,0.0,test_soc_25
87,0.0,0.0,0.0,test_soc_25
88,0.0,0.0,0.0,test_soc_25
89,0.0,0.0,0.0,test_soc_25
90,0.0,0.0,0.0,test_soc_25
91,0.0,0.0,0.0,test_soc_25
92,0.0,0.0,0.0,test_soc_25
93,0.0,0.0,0.0,test_soc_25
94,0.0,0.0,0.0,test_soc_25
95,0.0,0.0,0.0,test_soc_25
96,0.0,0.0,0.0,test_soc_25
97,0.0,0.0,0.0,test_soc_25
98,0.0,0.0,0.0,test_soc_25
99,0.0,0.0,0.0,test_soc_25
100,0.0,0.0,0.0,test_soc_25
101,0.0,0.0,0.0,test_soc_25
102,0.0,0.0,0.0,test_soc_25
103,0.0,0.0,0.0,test_soc_25
104,0.0,0.0,0.0,test_soc_25
105,0.0,0.0,0.0,test_soc_25
106,0.0,0.0,0.0,test_soc_25
107,0.0,0.0,0.0,test_soc_25
108,0.0,0.0,0.0,test_soc_25
109,0.0,0.0,0.0,test_soc_25
110,0.0,0.0,0.0,test_soc_25
111,0.0,0.0,0.0,test_soc_25
112,0.0,0.0,0.0,test_soc_25
113,0.0,0.0,0.0,test_soc_25
114,0.0,0.0,0.0,test_soc_25
115,0.0,0.0,0.0,test_soc_25
116,0.0,0.0,0.0,test_soc_25
117,0.0,0.0,0.0,test_soc_25
118,0.0,0.0,0.0,test_soc_25
119,0.0,0.0,0.0,test_soc_25
120,,,,test_soc_25
0,0.0,0.0,0.0,test_soc_30
1,34.0,14.0,7.0,test_soc_30
2,37.0,15.0,8.0,test_soc_30
3,39.0,16.0,8.0,test_soc_30
4,42.0,17.0,9.0,test_soc_30
5,45.0,18.0,9.0,test_soc_30
6,48.0,20.0,10.0,test_soc_30
7,52.0,21.0,11.0,test_soc_30
8,55.0,22.0,11.0,test_soc_30
9,59.0,24.0,12.0,test_soc_30
10,63.0,25.0,13.0,test_soc_30
11,67.0,27.0,14.0,test_soc_30
12,72.0,29.0,15.0,test_soc_30
13,77.0,31.0,16.0,test_soc_30
14,82.0,33.0,17.0,test_soc_30
15,87.0,35.0,18.0,test_soc_30
16,93.0,37.0,19.0,test_soc_30
17,99.0,40.0,20.0,test_soc_30
18,105.0,42.0,21.0,test_soc_30
19,112.0,45.0,23.0,test_soc_30
20,118.0,48.0,24.0,test_soc_30
21,126.0,51.0,26.0,test_soc_30
22,133.0,54.0,27.0,test_soc_30
23,141.0,57.0,29.0,test_soc_30
24,149.0,60.0,30.0,test_soc_30
25,157.0,63.0,32.0,test_soc_30
26,166.0,67.0,34.0,test_soc_30
27,175.0,70.0,35.0,test_soc_30
28,184.0,74.0,37.0,test_soc_30
29,193.0,78.0,39.0,test_soc_30
30,203.0,81.0,41.0,test_soc_30
31,212.0,85.0,43.0,test_soc_30
32,222.0,89.0,45.0,test_soc_30
33,231.0,93.0,47.0,test_soc_30
34,240.0,96.0,48.0,test_soc_30
35,250.0,100.0,50.0,test_soc_30
36,259.0,104.0,52.0,test_soc_30
37,267.0,107.0,54.0,test_soc_30
38,275.0,110.0,55.0,test_soc_30
39,283.0,113.0,57.0,test_soc_30
40,290.0,116.0,58.0,test_soc_30
41,296.0,119.0,60.0,test_soc_30
42,301.0,121.0,61.0,test_soc_30
43,305.0,122.0,61.0,test_soc_30
44,308.0,124.0,62.0,test_soc_30
45,310.0,124.0,62.0,test_soc_30
46,311.0,125.0,63.0,test_soc_30
47,310.0,124.0,62.0,test_soc_30
48,308.0,123.0,62.0,test_soc_30
49,304.0,122.0,61.0,test_soc_30
50,298.0,120.0,60.0,test_soc_30
51,291.0,117.0,59.0,test_soc_30
52,283.0,113.0,57.0,test_soc_30
53,273.0,109.0,55.0,test_soc_30
54,261.0,105.0,53.0,test_soc_30
55,247.0,99.0,50.0,test_soc_30
56,233.0,93.0,47.0,test_soc_30
57,217.0,87.0,44.0,test_soc_30
58,199.0,80.0,40.0,test_soc_30
59,181.0,73.0,37.0,test_soc_30
60,161.0,65.0,33.0,test_soc_30
61,141.0,57.0,29.0,test_soc_30
62,120.0,48.0,24.0,test_soc_30
63,99.0,40.0,20.0,test_soc_30
64,77.0,31.0,16.0,test_soc_30
65,55.0,22.0,11.0,test_soc_30
66,33.0,14.0,7.0,test_soc_30
67,12.0,5.0,3.0,test_soc_30
68,0.0,0.0,0.0,test_soc_30
69,0.0,0.0,0.0,test_soc_30
70,0.0,0.0,0.0,test_soc_30
71,0.0,0.0,0.0,test_soc_30
72,0.0,0.0,0.0,test_soc_30
73,0.0,0.0,0.0,test_soc_30
74,0.0,0.0,0.0,test_soc_30
75,0.0,0.0,0.0,test_soc_30
76,0.0,0.0,0.0,test_soc_30
77,0.0,0.0,0.0,test_soc_30
78,0.0,0.0,0.0,test_soc_30
79,0.0,0.0,0.0,test_soc_30
80,0.0,0.0,0.0,test_soc_30
81,0.0,0.0,0.0,test_soc_30
82,0.0,0.0,0.0,test_soc_30
83,0.0,0.0,0.0,test_soc_30
84,0.0,0.0,0.0,test_soc_30
85,0.0,0.0,0.0,test_soc_30
86,0.0,0.0,0.0,test_soc_30
87,0.0,0.0,0.0,test_soc_30
88,0.0,0.0,0.0,test_soc_30
89,0.0,0.0,0.0,test_soc_30
90,0.0,0.0,0.0,test_soc_30
91,0.0,0.0,0.0,test_soc_30
92,0.0,0.0,0.0,test_soc_30
93,0.0,0.0,0.0,test_soc_30
94,0.0,0.0,0.0,test_soc_30
95,0.0,0.0,0.0,test_soc_30
96,0.0,0.0,0.0,test_soc_30
97,0.0,0.0,0.0,test_soc_30
98,0.0,0.0,0.0,test_soc_30
99,0.0,0.0,0.0,test_soc_30
100,0.0,0.0,0.0,test_soc_30
101,0.0,0.0,0.0,test_soc_30
102,0.0,0.0,0.0,test_soc_30
103,0.0,0.0,0.0,test_soc_30
104,0.0,0.0,0.0,test_soc_30
105,0.0,0.0,0.0,test_soc_30
106,0.0,0.0,0.0,test_soc_30
107,0.0,0.0,0.0,test_soc_30
108,0.0,0.0,0.0,test_soc_30
109,0.0,0.0,0.0,test_soc_30
110,0.0,0.0,0.0,test_soc_30
111,0.0,0.0,0.0,test_soc_30
112,0.0,0.0,0.0,test_soc_30
113,0.0,0.0,0.0,test_soc_30
114,0.0,0.0,0.0,test_soc_30
115,0.0,0.0,0.0,test_soc_30
116,0.0,0.0,0.0,test_soc_30
117,0.0,0.0,0.0,test_soc_30
118,0.0,0.0,0.0,test_soc_30
119,0.0,0.0,0.0,test_soc_30
120,,,,test_soc_30
0,0.0,0.0,0.0,test_soc_35
1,34.0,14.0,7.0,test_soc_35
2,37.0,15.0,8.0,test_soc_35
3,39.0,16.0,8.0,test_soc_35
4,42.0,17.0,9.0,test_soc_35
5,45.0,18.0,9.0,test_soc_35
6,48.0,20.0,10.0,test_soc_35
7,52.0,21.0,11.0,test_soc_35
8,55.0,22.0,11.0,test_soc_35
9,59.0,24.0,12.0,test_soc_35
10,63.0,25.0,13.0,test_soc_35
11,67.0,27.0,14.0,test_soc_35
12,72.0,29.0,15.0,test_soc_35
13,77.0,31.0,16.0,test_soc_35
14,82.0,33.0,17.0,test_soc_35
15,87.0,35.0,18.0,test_soc_35
16,93.0,37.0,19.0,test_soc_35
17,99.0,40.0,20.0,test_soc_35
18,105.0,42.0,21.0,test_soc_35
19,112.0,45.0,23.0,test_soc_35
20,118.0,48.0,24.0,test_soc_35
21,126.0,51.0,26.0,test_soc_35
22,133.0,54.0,27.0,test_soc_35
23,141.0,57.0,29.0,test_soc_35
24,149.0,60.0,30.0,test_soc_35
25,157.0,63.0,32.0,test_soc_35
26,166.0,67.0,34.0,test_soc_35
27,175.0,70.0,35.0,test_soc_35
28,184.0,74.0,37.0,test_soc_35
29,193.0,78.0,39.0,test_soc_35
30,203.0,81.0,41.0,test_soc_35
31,212.0,85.0,43.0,test_soc_35
32,222.0,89.0,45.0,test_soc_35
33,231.0,93.0,47.0,test_soc_35
34,240.0,96.0,48.0,test_soc_35
35,250.0,100.0,50.0,test_soc_35
36,259.0,104.0,52.0,test_soc_35
37,267.0,107.0,54.0,test_soc_35
38,275.0,110.0,55.0,test_soc_35
39,283.0,113.0,57.0,test_soc_35
40,290.0,116.0,58.0,test_soc_35
41,296.0,119.0,60.0,test_soc_35
42,301.0,121.0,61.0,test_soc_35
43,305.0,122.0,61.0,test_soc_35
44,308.0,124.0,62.0,test_soc_35
45,310.0,124.0,62.0,test_soc_35
46,311.0,125.0,63.0,test_soc_35
47,310.0,124.0,62.0,test_soc_35
48,308.0,123.0,62.0,test_soc_35
49,304.0,122.0,61.0,test_soc_35
50,298.0,120.0,60.0,test_soc_35
51,291.0,117.0,59.0,test_soc_35
52,283.0,113.0,57.0,test_soc_35
53,273.0,109.0,55.0,test_soc_35
54,261.0,105.0,53.0,test_soc_35
55,247.0,99.0,50.0,test_soc_35
56,233.0,93.0,47.0,test_soc_35
57,217.0,87.0,44.0,test_soc_35
58,199.0,80.0,40.0,test_soc_35
59,181.0,73.0,37.0,test_soc_35
60,161.0,65.0,33.0,test_soc_35
61,141.0,57.0,29.0,test_soc_35
62,120.0,48.0,24.0,test_soc_35
63,99.0,40.0,20.0,test_soc_35
64,77.0,31.0,16.0,test_soc_35
65,55.0,22.0,11.0,test_soc_35
66,33.0,14.0,7.0,test_soc_35
67,12.0,5.0,3.0,test_soc_35
68,0.0,0.0,0.0,test_soc_35
69,0.0,0.0,0.0,test_soc_35
70,0.0,0.0,0.0,test_soc_35
71,0.0,0.0,0.0,test_soc_35
72,0.0,0.0,0.0,test_soc_35
73,0.0,0.0,0.0,test_soc_35
74,0.0,0.0,0.0,test_soc_35
75,0.0,0.0,0.0,test_soc_35
76,0.0,0.0,0.0,test_soc_35
77,0.0,0.0,0.0,test_soc_35
78,0.0,0.0,0.0,test_soc_35
79,0.0,0.0,0.0,test_soc_35
80,0.0,0.0,0.0,test_soc_35
81,0.0,0.0,0.0,test_soc_35
82,0.0,0.0,0.0,test_soc_35
83,0.0,0.0,0.0,test_soc_35
84,0.0,0.0,0.0,test_soc_35
85,0.0,0.0,0.0,test_soc_35
86,0.0,0.0,0.0,test_soc_35
87,0.0,0.0,0.0,test_soc_35
88,0.0,0.0,0.0,test_soc_35
89,0.0,0.0,0.0,test_soc_35
90,0.0,0.0,0.0,test_soc_35
91,0.0,0.0,0.0,test_soc_35
92,0.0,0.0,0.0,test_soc_35
93,0.0,0.0,0.0,test_soc_35
94,0.0,0.0,0.0,test_soc_35
95,0.0,0.0,0.0,test_soc_35
96,0.0,0.0,0.0,test_soc_35
97,0.0,0.0,0.0,test_soc_35
98,0.0,0.0,0.0,test_soc_35
99,0.0,0.0,0.0,test_soc_35
100,0.0,0.0,0.0,test_soc_35
101,0.0,0.0,0.0,test_soc_35
102,0.0,0.0,0.0,test_soc_35
103,0.0,0.0,0.0,test_soc_35
104,0.0,0.0,0.0,test_soc_35
105,0.0,0.0,0.0,test_soc_35
106,0.0,0.0,0.0,test_soc_35
107,0.0,0.0,0.0,test_soc_35
108,0.0,0.0,0.0,test_soc_35
109,0.0,0.0,0.0,test_soc_35
110,0.0,0.0,0.0,test_soc_35
111,0.0,0.0,0.0,test_soc_35
112,0.0,0.0,0.0,test_soc_35
113,0.0,0.0,0.0,test_soc_35
114,0.0,0.0,0.0,test_soc_35
115,0.0,0.0,0.0,test_soc_35
116,0.0,0.0,0.0,test_soc_35
117,0.0,0.0,0.0,test_soc_35
118,0.0,0.0,0.0,test_soc_35
119,0.0,0.0,0.0,test_soc_35
120,,,,test_soc_35
0,0.0,0.0,0.0,test_soc_40
1,34.0,14.0,7.0,test_soc_40
2,37.0,15.0,8.0,test_soc_40
3,39.0,16.0,8.0,test_soc_40
4,42.0,17.0,9.0,test_soc_40
5,45.0,18.0,9.0,test_soc_40
6,48.0,20.0,10.0,test_soc_40
7,52.0,21.0,11.0,test_soc_40
8,55.0,22.0,11.0,test_soc_40
9,59.0,24.0,12.0,test_soc_40
10,63.0,25.0,13.0,test_soc_40
11,67.0,27.0,14.0,test_soc_40
12,72.0,29.0,15.0,test_soc_40
13,77.0,31.0,16.0,test_soc_40
14,82.0,33.0,17.0,test_soc_40
15,87.0,35.0,18.0,test_soc_40
16,93.0,37.0,19.0,test_soc_40
17,99.0,40.0,20.0,test_soc_40
18,105.0,42.0,21.0,test_soc_40
19,112.0,45.0,23.0,test_soc_40
20,118.0,48.0,24.0,test_soc_40
21,126.0,51.0,26.0,test_soc_40
22,133.0,54.0,27.0,test_soc_40
23,141.0,57.0,29.0,test_soc_40
24,149.0,60.0,30.0,test_soc_40
25,157.0,63.0,32.0,test_soc_40
26,166.0,67.0,34.0,test_soc_40
27,175.0,70.0,35.0,test_soc_40
28,184.0,74.0,37.0,test_soc_40
29,193.0,78.0,39.0,test_soc_40
30,203.0,81.0,41.0,test_soc_40
31,212.0,85.0,43.0,test_soc_40
32,222.0,89.0,45.0,test_soc_40
33,231.0,93.0,47.0,test_soc_40
34,240.0,96.0,48.0,test_soc_40
35,250.0,100.0,50.0,test_soc_40
36,259.0,104.0,52.0,test_soc_40
37,267.0,107.0,54.0,test_soc_40
38,275.0,110.0,55.0,test_soc_40
39,283.0,113.0,57.0,test_soc_40
40,290.0,116.0,58.0,test_soc_40
41,296.0,119.0,60.0,test_soc_40
42,301.0,121.0,61.0,test_soc_40
43,305.0,122.0,61.0,test_soc_40
44,308.0,124.0,62.0,test_soc_40
45,310.0,124.0,62.0,test_soc_40
46,311.0,125.0,63.0,test_soc_40
47,310.0,124.0,62.0,test_soc_40
48,308.0,123.0,62.0,test_soc_40
49,304.0,122.0,61.0,test_soc_40
50,298.0,120.0,60.0,test_soc_40
51,291.0,117.0,59.0,test_soc_40
52,283.0,113.0,57.0,test_soc_40
53,273.0,109.0,55.0,test_soc_40
54,261.0,105.0,53.0,test_soc_40
55,247.0,99.0,50.0,test_soc_40
56,233.0,93.0,47.0,test_soc_40
57,217.0,87.0,44.0,test_soc_40
58,199.0,80.0,40.0,test_soc_40
59,181.0,73.0,37.0,test_soc_40
60,161.0,65.0,33.0,test_soc_40
61,141.0,57.0,29.0,test_soc_40
62,120.0,48.0,24.0,test_soc_40
63,99.0,40.0,20.0,test_soc_40
64,77.0,31.0,16.0,test_soc_40
65,55.0,22.0,11.0,test_soc_40
66,33.0,14.0,7.0,test_soc_40
67,12.0,5.0,3.0,test_soc_40
68,0.0,0.0,0.0,test_soc_40
69,0.0,0.0,0.0,test_soc_40
70,0.0,0.0,0.0,test_soc_40
71,0.0,0.0,0.0,test_soc_40
72,0.0,0.0,0.0,test_soc_40
73,0.0,0.0,0.0,test_soc_40
74,0.0,0.0,0.0,test_soc_40
75,0.0,0.0,0.0,test_soc_40
76,0.0,0.0,0.0,test_soc_40
77,0.0,0.0,0.0,test_soc_40
78,0.0,0.0,0.0,test_soc_40
79,0.0,0.0,0.0,test_soc_40
80,0.0,0.0,0.0,test_soc_40
81,0.0,0.0,0.0,test_soc_40
82,0.0,0.0,0.0,test_soc_40
83,0.0,0.0,0.0,test_soc_40
84,0.0,0.0,0.0,test_soc_40
85,0.0,0.0,0.0,test_soc_40
86,0.0,0.0,0.0,test_soc_40
87,0.0,0.0,0.0,test_soc_40
88,0.0,0.0,0.0,test_soc_40
89,0.0,0.0,0.0,test_soc_40
90,0.0,0.0,0.0,test_soc_40
91,0.0,0.0,0.0,test_soc_40
92,0.0,0.0,0.0,test_soc_40
93,0.0,0.0,0.0,test_soc_40
94,0.0,0.0,0.0,test_soc_40
95,0.0,0.0,0.0,test_soc_40
96,0.0,0.0,0.0,test_soc_40
97,0.0,0.0,0.0,test_soc_40
98,0.0,0.0,0.0,test_soc_40
99,0.0,0.0,0.0,test_soc_40
100,0.0,0.0,0.0,test_soc_40
101,0.0,0.0,0.0,test_soc_40
102,0.0,0.0,0.0,test_soc_40
103,0.0,0.0,0.0,test_soc_40
104,0.0,0.0,0.0,test_soc_40
105,0.0,0.0,0.0,test_soc_40
106,0.0,0.0,0.0,test_soc_40
107,0.0,0.0,0.0,test_soc_40
108,0.0,0.0,0.0,test_soc_40
109,0.0,0.0,0.0,test_soc_40
110,0.0,0.0,0.0,test_soc_40
111,0.0,0.0,0.0,test_soc_40
112,0.0,0.0,0.0,test_soc_40
113,0.0,0.0,0.0,test_soc_40
114,0.0,0.0,0.0,test_soc_40
115,0.0,0.0,0.0,test_soc_40
116,0.0,0.0,0.0,test_soc_40
117,0.0,0.0,0.0,test_soc_40
118,0.0,0.0,0.0,test_soc_40
119,0.0,0.0,0.0,test_soc_40
120,,,,test_soc_40
0,0.0,0.0,0.0,test_soc_45
1,34.0,14.0,7.0,test_soc_45
2,37.0,15.0,8.0,test_soc_45
3,39.0,16.0,8.0,test_soc_45
4,42.0,17.0,9.0,test_soc_45
5,45.0,18.0,9.0,test_soc_45
6,48.0,20.0,10.0,test_soc_45
7,52.0,21.0,11.0,test_soc_45
8,55.0,22.0,11.0,test_soc_45
9,59.0,24.0,12.0,test_soc_45
10,63.0,25.0,13.0,test_soc_45
11,67.0,27.0,14.0,test_soc_45
12,72.0,29.0,15.0,test_soc_45
13,77.0,31.0,16.0,test_soc_45
14,82.0,33.0,17.0,test_soc_45
15,87.0,35.0,18.0,test_soc_45
16,93.0,37.0,19.0,test_soc_45
17,99.0,40.0,20.0,test_soc_45
18,105.0,42.0,21.0,test_soc_45
19,112.0,45.0,23.0,test_soc_45
20,118.0,48.0,24.0,test_soc_45
21,126.0,51.0,26.0,test_soc_45
22,133.0,54.0,27.0,test_soc_45
23,141.0,57.0,29.0,test_soc_45
24,149.0,60.0,30.0,test_soc_45
25,157.0,63.0,32.0,test_soc_45
26,166.0,67.0,34.0,test_soc_45
27,175.0,70.0,35.0,test_soc_45
28,184.0,74.0,37.0,test_soc_45
29,193.0,78.0,39.0,test_soc_45
30,203.0,81.0,41.0,test_soc_45
31,212.0,85.0,43.0,test_soc_45
32,222.0,89.0,45.0,test_soc_45
33,231.0,93.0,47.0,test_soc_45
34,240.0,96.0,48.0,test_soc_45
35,250.0,100.0,50.0,test_soc_45
36,259.0,104.0,52.0,test_soc_45
37,267.0,107.0,54.0,test_soc_45
38,275.0,110.0,55.0,test_soc_45
39,283.0,113.0,57.0,test_soc_45
40,290.0,116.0,58.0,test_soc_45
41,296.0,119.0,60.0,test_soc_45
42,301.0,121.0,61.0,test_soc_45
43,305.0,122.0,61.0,test_soc_45
44,308.0,124.0,62.0,test_soc_45
45,310.0,124.0,62.0,test_soc_45
46,311.0,125.0,63.0,test_soc_45
47,310.0,124.0,62.0,test_soc_45
48,308.0,123.0,62.0,test_soc_45
49,304.0,122.0,61.0,test_soc_45
50,298.0,120.0,60.0,test_soc_45
51,291.0,117.0,59.0,test_soc_45
52,283.0,113.0,57.0,test_soc_45
53,273.0,109.0,55.0,test_soc_45
54,261.0,105.0,53.0,test_soc_45
55,247.0,99.0,50.0,test_soc_45
56,233.0,93.0,47.0,test_soc_45
57,217.0,87.0,44.0,test_soc_45
58,199.0,80.0,40.0,test_soc_45
59,181.0,73.0,37.0,test_soc_45
60,161.0,65.0,33.0,test_soc_45
61,141.0,57.0,29.0,test_soc_45
62,120.0,48.0,24.0,test_soc_45
63,99.0,40.0,20.0,test_soc_45
64,77.0,31.0,16.0,test_soc_45
65,55.0,22.0,11.0,test_soc_45
66,33.0,14.0,7.0,test_soc_45
67,12.0,5.0,3.0,test_soc_45
68,0.0,0.0,0.0,test_soc_45
69,0.0,0.0,0.0,test_soc_45
70,0.0,0.0,0.0,test_soc_45
71,0.0,0.0,0.0,test_soc_45
72,0.0,0.0,0.0,test_soc_45
73,0.0,0.0,0.0,test_soc_45
74,0.0,0.0,0.0,test_soc_45
75,0.0,0.0,0.0,test_soc_45
76,0.0,0.0,0.0,test_soc_45
77,0.0,0.0,0.0,test_soc_45
78,0.0,0.0,0.0,test_soc_45
79,0.0,0.0,0.0,test_soc_45
80,0.0,0.0,0.0,test_soc_45
81,0.0,0.0,0.0,test_soc_45
82,0.0,0.0,0.0,test_soc_45
83,0.0,0.0,0.0,test_soc_45
84,0.0,0.0,0.0,test_soc_45
85,0.0,0.0,0.0,test_soc_45
86,0.0,0.0,0.0,test_soc_45
87,0.0,0.0,0.0,test_soc_45
88,0.0,0.0,0.0,test_soc_45
89,0.0,0.0,0.0,test_soc_45
90,0.0,0.0,0.0,test_soc_45
91,0.0,0.0,0.0,test_soc_45
92,0.0,0.0,0.0,test_soc_45
93,0.0,0.0,0.0,test_soc_45
94,0.0,0.0,0.0,test_soc_45
95,0.0,0.0,0.0,test_soc_45
96,0.0,0.0,0.0,test_soc_45
97,0.0,0.0,0.0,test_soc_45
98,0.0,0.0,0.0,test_soc_45
99,0.0,0.0,0.0,test_soc_45
100,0.0,0.0,0.0,test_soc_45
101,0.0,0.0,0.0,test_soc_45
102,0.0,0.0,0.0,test_soc_45
103,0.0,0.0,0.0,test_soc_45
104,0.0,0.0,0.0,test_soc_45
105,0.0,0.0,0.0,test_soc_45
106,0.0,0.0,0.0,test_soc_45
107,0.0,0.0,0.0,test_soc_45
108,0.0,0.0,0.0,test_soc_45
109,0.0,0.0,0.0,test_soc_45
110,0.0,0.0,0.0,test_soc_45
111,0.0,0.0,0.0,test_soc_45
112,0.0,0.0,0.0,test_soc_45
113,0.0,0.0,0.0,test_soc_45
114,0.0,0.0,0.0,test_soc_45
115,0.0,0.0,0.0,test_soc_45
116,0.0,0.0,0.0,test_soc_45
117,0.0,0.0,0.0,test_soc_45
118,0.0,0.0,0.0,test_soc_45
119,0.0,0.0,0.0,test_soc_45
120,,,,test_soc_45
0,0.0,0.0,0.0,test_soc_50
1,34.0,14.0,7.0,test_soc_50
2,37.0,15.0,8.0,test_soc_50
3,39.0,16.0,8.0,test_soc_50
4,42.0,17.0,9.0,test_soc_50
5,45.0,18.0,9.0,test_soc_50
6,48.0,20.0,10.0,test_soc_50
7,52.0,21.0,11.0,test_soc_50
8,55.0,22.0,11.0,test_soc_50
9,59.0,24.0,12.0,test_soc_50
10,63.0,25.0,13.0,test_soc_50
11,67.0,27.0,14.0,test_soc_50
12,72.0,29.0,15.0,test_soc_50
13,77.0,31.0,16.0,test_soc_50
14,82.0,33.0,17.0,test_soc_50
15,87.0,35.0,18.0,test_soc_50
16,93.0,37.0,19.0,test_soc_50
17,99.0,40.0,20.0,test_soc_50
18,105.0,42.0,21.0,test_soc_50
19,112.0,45.0,23.0,test_soc_50
20,118.0,48.0,24.0,test_soc_50
21,126.0,51.0,26.0,test_soc_50
22,133.0,54.0,27.0,test_soc_50
23,141.0,57.0,29.0,test_soc_50
24,149.0,60.0,30.0,test_soc_50
25,157.0,63.0,32.0,test_soc_50
26,166.0,67.0,34.0,test_soc_50
27,175.0,70.0,35.0,test_soc_50
28,184.0,74.0,37.0,test_soc_50
29,193.0,78.0,39.0,test_soc_50
30,203.0,81.0,41.0,test_soc_50
31,212.0,85.0,43.0,test_soc_50
32,222.0,89.0,45.0,test_soc_50
33,231.0,93.0,47.0,test_soc_50
34,240.0,96.0,48.0,test_soc_50
35,250.0,100.0,50.0,test_soc_50
36,259.0,104.0,52.0,test_soc_50
37,267.0,107.0,54.0,test_soc_50
38,275.0,110.0,55.0,test_soc_50
39,283.0,113.0,57.0,test_soc_50
40,290.0,116.0,58.0,test_soc_50
41,296.0,119.0,60.0,test_soc_50
42,301.0,121.0,61.0,test_soc_50
43,305.0,122.0,61.0,test_soc_50
44,308.0,124.0,62.0,test_soc_50
45,310.0,124.0,62.0,test_soc_50
46,311.0,125.0,63.0,test_soc_50
47,310.0,124.0,62.0,test_soc_50
48,308.0,123.0,62.0,test_soc_50
49,304.0,122.0,61.0,test_soc_50
50,298.0,120.0,60.0,test_soc_50
51,291.0,117.0,59.0,test_soc_50
52,283.0,113.0,57.0,test_soc_50
53,273.0,109.0,55.0,test_soc_50
54,261.0,105.0,53.0,test_soc_50
55,247.0,99.0,50.0,test_soc_50
56,233.0,93.0,47.0,test_soc_50
57,217.0,87.0,44.0,test_soc_50
58,199.0,80.0,40.0,test_soc_50
59,181.0,73.0,37.0,test_soc_50
60,161.0,65.0,33.0,test_soc_50
61,141.0,57.0,29.0,test_soc_50
62,120.0,48.0,24.0,test_soc_50
63,99.0,40.0,20.0,test_soc_50
64,77.0,31.0,16.0,test_soc_50
65,55.0,22.0,11.0,test_soc_50
66,33.0,14.0,7.0,test_soc_50
67,12.0,5.0,3.0,test_soc_50
68,0.0,0.0,0.0,test_soc_50
69,0.0,0.0,0.0,test_soc_50
70,0.0,0.0,0.0,test_soc_50
71,0.0,0.0,0.0,test_soc_50
72,0.0,0.0,0.0,test_soc_50
73,0.0,0.0,0.0,test_soc_50
74,0.0,0.0,0.0,test_soc_50
75,0.0,0.0,0.0,test_soc_50
76,0.0,0.0,0.0,test_soc_50
77,0.0,0.0,0.0,test_soc_50
78,0.0,0.0,0.0,test_soc_50
79,0.0,0.0,0.0,test_soc_50
80,0.0,0.0,0.0,test_soc_50
81,0.0,0.0,0.0,test_soc_50
82,0.0,0.0,0.0,test_soc_50
83,0.0,0.0,0.0,test_soc_50
84,0.0,0.0,0.0,test_soc_50
85,0.0,0.0,0.0,test_soc_50
86,0.0,0.0,0.0,test_soc_50
87,0.0,0.0,0.0,test_soc_50
88,0.0,0.0,0.0,test_soc_50
89,0.0,0.0,0.0,test_soc_50
90,0.0,0.0,0.0,test_soc_50
91,0.0,0.0,0.0,test_soc_50
92,0.0,0.0,0.0,test_soc_50
93,0.0,0.0,0.0,test_soc_50
94,0.0,0.0,0.0,test_soc_50
95,0.0,0.0,0.0,test_soc_50
96,0.0,0.0,0.0,test_soc_50
97,0.0,0.0,0.0,test_soc_50
98,0.0,0.0,0.0,test_soc_50
99,0.0,0.0,0.0,test_soc_50
100,0.0,0.0,0.0,test_soc_50
101,0.0,0.0,0.0,test_soc_50
102,0.0,0.0,0.0,test_soc_50
103,0.0,0.0,0.0,test_soc_50
104,0.0,0.0,0.0,test_soc_50
105,0.0,0.0,0.0,test_soc_50
106,0.0,0.0,0.0,test_soc_50
107,0.0,0.0,0.0,test_soc_50
108,0.0,0.0,0.0,test_soc_50
109,0.0,0.0,0.0,test_soc_50
110,0.0,0.0,0.0,test_soc_50
111,0.0,0.0,0.0,test_soc_50
112,0.0,0.0,0.0,test_soc_50
113,0.0,0.0,0.0,test_soc_50
114,0.0,0.0,0.0,test_soc_50
115,0.0,0.0,0.0,test_soc_50
116,0.0,0.0,0.0,test_soc_50
117,0.0,0.0,0.0,test_soc_50
118,0.0,0.0,0.0,test_soc_50
119,0.0,0.0,0.0,test_soc_50
120,,,,test_soc_50
0,0.0,0.0,0.0,test_soc_55
1,34.0,14.0,7.0,test_soc_55
2,37.0,15.0,8.0,test_soc_55
3,39.0,16.0,8.0,test_soc_55
4,42.0,17.0,9.0,test_soc_55
5,45.0,18.0,9.0,test_soc_55
6,48.0,20.0,10.0,test_soc_55
7,52.0,21.0,11.0,test_soc_55
8,55.0,22.0,11.0,test_soc_55
9,59.0,24.0,12.0,test_soc_55
10,63.0,25.0,13.0,test_soc_55
11,67.0,27.0,14.0,test_soc_55
12,72.0,29.0,15.0,test_soc_55
13,77.0,31.0,16.0,test_soc_55
14,82.0,33.0,17.0,test_soc_55
15,87.0,35.0,18.0,test_soc_55
16,93.0,37.0,19.0,test_soc_55
17,99.0,40.0,20.0,test_soc_55
18,105.0,42.0,21.0,test_soc_55
19,112.0,45.0,23.0,test_soc_55
20,118.0,48.0,24.0,test_soc_55
21,126.0,51.0,26.0,test_soc_55
22,133.0,54.0,27.0,test_soc_55
23,141.0,57.0,29.0,test_soc_55
24,149.0,60.0,30.0,test_soc_55
25,157.0,63.0,32.0,test_soc_55
26,166.0,67.0,34.0,test_soc_55
27,175.0,70.0,35.0,test_soc_55
28,184.0,74.0,37.0,test_soc_55
29,193.0,78.0,39.0,test_soc_55
30,203.0,81.0,41.0,test_soc_55
31,212.0,85.0,43.0,test_soc_55
32,222.0,89.0,45.0,test_soc_55
33,231.0,93.0,47.0,test_soc_55
34,240.0,96.0,48.0,test_soc_55
35,250.0,100.0,50.0,test_soc_55
36,259.0,104.0,52.0,test_soc_55
37,267.0,107.0,54.0,test_soc_55
38,275.0,110.0,55.0,test_soc_55
39,283.0,113.0,57.0,test_soc_55
40,290.0,116.0,58.0,test_soc_55
41,296.0,119.0,60.0,test_soc_55
42,301.0,121.0,61.0,test_soc_55
43,305.0,122.0,61.0,test_soc_55
44,308.0,124.0,62.0,test_soc_55
45,310.0,124.0,62.0,test_soc_55
46,311.0,125.0,63.0,test_soc_55
47,310.0,124.0,62.0,test_soc_55
48,308.0,123.0,62.0,test_soc_55
49,304.0,122.0,61.0,test_soc_55
50,298.0,120.0,60.0,test_soc_55
51,291.0,117.0,59.0,test_soc_55
52,283.0,113.0,57.0,test_soc_55
53,273.0,109.0,55.0,test_soc_55
54,261.0,105.0,53.0,test_soc_55
55,247.0,99.0,50.0,test_soc_55
56,233.0,93.0,47.0,test_soc_55
57,217.0,87.0,44.0,test_soc_55
58,199.0,80.0,40.0,test_soc_55
59,181.0,73.0,37.0,test_soc_55
60,161.0,65.0,33.0,test_soc_55
61,141.0,57.0,29.0,test_soc_55
62,120.0,48.0,24.0,test_soc_55
63,99.0,40.0,20.0,test_soc_55
64,77.0,31.0,16.0,test_soc_55
65,55.0,22.0,11.0,test_soc_55
66,33.0,14.0,7.0,test_soc_55
67,12.0,5.0,3.0,test_soc_55
68,0.0,0.0,0.0,test_soc_55
69,0.0,0.0,0.0,test_soc_55
70,0.0,0.0,0.0,test_soc_55
71,0.0,0.0,0.0,test_soc_55
72,0.0,0.0,0.0,test_soc_55
73,0.0,0.0,0.0,test_soc_55
74,0.0,0.0,0.0,test_soc_55
75,0.0,0.0,0.0,test_soc_55
76,0.0,0.0,0.0,test_soc_55
77,0.0,0.0,0.0,test_soc_55
78,0.0,0.0,0.0,test_soc_55
79,0.0,0.0,0.0,test_soc_55
80,0.0,0.0,0.0,test_soc_55
81,0.0,0.0,0.0,test_soc_55
82,0.0,0.0,0.0,test_soc_55
83,0.0,0.0,0.0,test_soc_55
84,0.0,0.0,0.0,test_soc_55
85,0.0,0.0,0.0,test_soc_55
86,0.0,0.0,0.0,test_soc_55
87,0.0,0.0,0.0,test_soc_55
88,0.0,0.0,0.0,test_soc_55
89,0.0,0.0,0.0,test_soc_55
90,0.0,0.0,0.0,test_soc_55
91,0.0,0.0,0.0,test_soc_55
92,0.0,0.0,0.0,test_soc_55
93,0.0,0.0,0.0,test_soc_55
94,0.0,0.0,0.0,test_soc_55
95,0.0,0.0,0.0,test_soc_55
96,0.0,0.0,0.0,test_soc_55
97,0.0,0.0,0.0,test_soc_55
98,0.0,0.0,0.0,test_soc_55
99,0.0,0.0,0.0,test_soc_55
100,0.0,0.0,0.0,test_soc_55
101,0.0,0.0,0.0,test_soc_55
102,0.0,0.0,0.0,test_soc_55
103,0.0,0.0,0.0,test_soc_55
104,0.0,0.0,0.0,test_soc_55
105,0.0,0.0,0.0,test_soc_55
106,0.0,0.0,0.0,test_soc_55
107,0.0,0.0,0.0,test_soc_55
108,0.0,0.0,0.0,test_soc_55
109,0.0,0.0,0.0,test_soc_55
110,0.0,0.0,0.0,test_soc_55
111,0.0,0.0,0.0,test_soc_55
112,0.0,0.0,0.0,test_soc_55
113,0.0,0.0,0.0,test_soc_55
114,0.0,0.0,0.0,test_soc_55
115,0.0,0.0,0.0,test_soc_55
116,0.0,0.0,0.0,test_soc_55
117,0.0,0.0,0.0,test_soc_55
118,0.0,0.0,0.0,test_soc_55
119,0.0,0.0,0.0,test_soc_55
120,,,,test_soc_55
0,0.0,0.0,0.0,test_soc_60
1,34.0,14.0,7.0,test_soc_60
2,37.0,15.0,8.0,test_soc_60
3,39.0,16.0,8.0,test_soc_60
4,42.0,17.0,9.0,test_soc_60
5,45.0,18.0,9.0,test_soc_60
6,48.0,20.0,10.0,test_soc_60
7,52.0,21.0,11.0,test_soc_60
8,55.0,22.0,11.0,test_soc_60
9,59.0,24.0,12.0,test_soc_60
10,63.0,25.0,13.0,test_soc_60
11,67.0,27.0,14.0,test_soc_60
12,72.0,29.0,15.0,test_soc_60
13,77.0,31.0,16.0,test_soc_60
14,82.0,33.0,17.0,test_soc_60
15,87.0,35.0,18.0,test_soc_60
16,93.0,37.0,19.0,test_soc_60
17,99.0,40.0,20.0,test_soc_60
18,105.0,42.0,21.0,test_soc_60
19,112.0,45.0,23.0,test_soc_60
20,118.0,48.0,24.0,test_soc_60
21,126.0,51.0,26.0,test_soc_60
22,133.0,54.0,27.0,test_soc_60
23,141.0,57.0,29.0,test_soc_60
24,149.0,60.0,30.0,test_soc_60
25,157.0,63.0,32.0,test_soc_60
26,166.0,67.0,34.0,test_soc_60
27,175.0,70.0,35.0,test_soc_60
28,184.0,74.0,37.0,test_soc_60
29,193.0,78.0,39.0,test_soc_60
30,203.0,81.0,41.0,test_soc_60
31,212.0,85.0,43.0,test_soc_60
32,222.0,89.0,45.0,test_soc_60
33,231.0,93.0,47.0,test_soc_60
34,240.0,96.0,48.0,test_soc_60
35,250.0,100.0,50.0,test_soc_60
36,259.0,104.0,52.0,test_soc_60
37,267.0,107.0,54.0,test_soc_60
38,275.0,110.0,55.0,test_soc_60
39,283.0,113.0,57.0,test_soc_60
40,290.0,116.0,58.0,test_soc_60
41,296.0,119.0,60.0,test_soc_60
42,301.0,121.0,61.0,test_soc_60
43,305.0,122.0,61.0,test_soc_60
44,308.0,124.0,62.0,test_soc_60
45,310.0,124.0,62.0,test_soc_60
46,311.0,125.0,63.0,test_soc_60
47,310.0,124.0,62.0,test_soc_60
48,308.0,123.0,62.0,test_soc_60
49,304.0,122.0,61.0,test_soc_60
50,298.0,120.0,60.0,test_soc_60
51,291.0,117.0,59.0,test_soc_60
52,283.0,113.0,57.0,test_soc_60
53,273.0,109.0,55.0,test_soc_60
54,261.0,105.0,53.0,test_soc_60
55,247.0,99.0,50.0,test_soc_60
56,233.0,93.0,47.0,test_soc_60
57,217.0,87.0,44.0,test_soc_60
58,199.0,80.0,40.0,test_soc_60
59,181.0,73.0,37.0,test_soc_60
60,161.0,65.0,33.0,test_soc_60
61,141.0,57.0,29.0,test_soc_60
62,120.0,48.0,24.0,test_soc_60
63,99.0,40.0,20.0,test_soc_60
64,77.0,31.0,16.0,test_soc_60
65,55.0,22.0,11.0,test_soc_60
66,33.0,14.0,7.0,test_soc_60
67,12.0,5.0,3.0,test_soc_60
68,0.0,0.0,0.0,test_soc_60
69,0.0,0.0,0.0,test_soc_60
70,0.0,0.0,0.0,test_soc_60
71,0.0,0.0,0.0,test_soc_60
72,0.0,0.0,0.0,test_soc_60
73,0.0,0.0,0.0,test_soc_60
74,0.0,0.0,0.0,test_soc_60
75,0.0,0.0,0.0,test_soc_60
76,0.0,0.0,0.0,test_soc_60
77,0.0,0.0,0.0,test_soc_60
78,0.0,0.0,0.0,test_soc_60
79,0.0,0.0,0.0,test_soc_60
80,0.0,0.0,0.0,test_soc_60
81,0.0,0.0,0.0,test_soc_60
82,0.0,0.0,0.0,test_soc_60
83,0.0,0.0,0.0,test_soc_60
84,0.0,0.0,0.0,test_soc_60
85,0.0,0.0,0.0,test_soc_60
86,0.0,0.0,0.0,test_soc_60
87,0.0,0.0,0.0,test_soc_60
88,0.0,0.0,0.0,test_soc_60
89,0.0,0.0,0.0,test_soc_60
90,0.0,0.0,0.0,test_soc_60
91,0.0,0.0,0.0,test_soc_60
92,0.0,0.0,0.0,test_soc_60
93,0.0,0.0,0.0,test_soc_60
94,0.0,0.0,0.0,test_soc_60
95,0.0,0.0,0.0,test_soc_60
96,0.0,0.0,0.0,test_soc_60
97,0.0,0.0,0.0,test_soc_60
98,0.0,0.0,0.0,test_soc_60
99,0.0,0.0,0.0,test_soc_60
100,0.0,0.0,0.0,test_soc_60
101,0.0,0.0,0.0,test_soc_60
102,0.0,0.0,0.0,test_soc_60
103,0.0,0.0,0.0,test_soc_60
104,0.0,0.0,0.0,test_soc_60
105,0.0,0.0,0.0,test_soc_60
106,0.0,0.0,0.0,test_soc_60
107,0.0,0.0,0.0,test_soc_60
108,0.0,0.0,0.0,test_soc_60
109,0.0,0.0,0.0,test_soc_60
110,0.0,0.0,0.0,test_soc_60
111,0.0,0.0,0.0,test_soc_60
112,0.0,0.0,0.0,test_soc_60
113,0.0,0.0,0.0,test_soc_60
114,0.0,0.0,0.0,test_soc_60
115,0.0,0.0,0.0,test_soc_60
116,0.0,0.0,0.0,test_soc_60
117,0.0,0.0,0.0,test_soc_60
118,0.0,0.0,0.0,test_soc_60
119,0.0,0.0,0.0,test_soc_60
120,,,,test_soc_60
0,0.0,0.0,0.0,test_soc_65
1,34.0,14.0,7.0,test_soc_65
2,37.0,15.0,8.0,test_soc_65
3,39.0,16.0,8.0,test_soc_65
4,42.0,17.0,9.0,test_soc_65
5,45.0,18.0,9.0,test_soc_65
6,48.0,20.0,10.0,test_soc_65
7,52.0,21.0,11.0,test_soc_65
8,55.0,22.0,11.0,test_soc_65
9,59.0,24.0,12.0,test_soc_65
10,63.0,25.0,13.0,test_soc_65
11,67.0,27.0,14.0,test_soc_65
12,72.0,29.0,15.0,test_soc_65
13,77.0,31.0,16.0,test_soc_65
14,82.0,33.0,17.0,test_soc_65
15,87.0,35.0,18.0,test_soc_65
16,93.0,37.0,19.0,test_soc_65
17,99.0,40.0,20.0,test_soc_65
18,105.0,42.0,21.0,test_soc_65
19,112.0,45.0,23.0,test_soc_65
20,118.0,48.0,24.0,test_soc_65
21,126.0,51.0,26.0,test_soc_65
22,133.0,54.0,27.0,test_soc_65
23,141.0,57.0,29.0,test_soc_65
24,149.0,60.0,30.0,test_soc_65
25,157.0,63.0,32.0,test_soc_65
26,166.0,67.0,34.0,test_soc_65
27,175.0,70.0,35.0,test_soc_65
28,184.0,74.0,37.0,test_soc_65
29,193.0,78.0,39.0,test_soc_65
30,203.0,81.0,41.0,test_soc_65
31,212.0,85.0,43.0,test_soc_65
32,222.0,89.0,45.0,test_soc_65
33,231.0,93.0,47.0,test_soc_65
34,240.0,96.0,48.0,test_soc_65
35,250.0,100.0,50.0,test_soc_65
36,259.0,104.0,52.0,test_soc_65
37,267.0,107.0,54.0,test_soc_65
38,275.0,110.0,55.0,test_soc_65
39,283.0,113.0,57.0,test_soc_65
40,290.0,116.0,58.0,test_soc_65
41,296.0,119.0,60.0,test_soc_65
42,301.0,121.0,61.0,test_soc_65
43,305.0,122.0,61.0,test_soc_65
44,308.0,124.0,62.0,test_soc_65
45,310.0,124.0,62.0,test_soc_65
46,311.0,125.0,63.0,test_soc_65
47,310.0,124.0,62.0,test_soc_65
48,308.0,123.0,62.0,test_soc_65
49,304.0,122.0,61.0,test_soc_65
50,298.0,120.0,60.0,test_soc_65
51,291.0,117.0,59.0,test_soc_65
52,283.0,113.0,57.0,test_soc_65
53,273.0,109.0,55.0,test_soc_65
54,261.0,105.0,53.0,test_soc_65
55,247.0,99.0,50.0,test_soc_65
56,233.0,93.0,47.0,test_soc_65
57,217.0,87.0,44.0,test_soc_65
58,199.0,80.0,40.0,test_soc_65
59,181.0,73.0,37.0,test_soc_65
60,161.0,65.0,33.0,test_soc_65
61,141.0,57.0,29.0,test_soc_65
62,120.0,48.0,24.0,test_soc_65
63,99.0,40.0,20.0,test_soc_65
64,77.0,31.0,16.0,test_soc_65
65,55.0,22.0,11.0,test_soc_65
66,33.0,14.0,7.0,test_soc_65
67,12.0,5.0,3.0,test_soc_65
68,0.0,0.0,0.0,test_soc_65
69,0.0,0.0,0.0,test_soc_65
70,0.0,0.0,0.0,test_soc_65
71,0.0,0.0,0.0,test_soc_65
72,0.0,0.0,0.0,test_soc_65
73,0.0,0.0,0.0,test_soc_65
74,0.0,0.0,0.0,test_soc_65
75,0.0,0.0,0.0,test_soc_65
76,0.0,0.0,0.0,test_soc_65
77,0.0,0.0,0.0,test_soc_65
78,0.0,0.0,0.0,test_soc_65
79,0.0,0.0,0.0,test_soc_65
80,0.0,0.0,0.0,test_soc_65
81,0.0,0.0,0.0,test_soc_65
82,0.0,0.0,0.0,test_soc_65
83,0.0,0.0,0.0,test_soc_65
84,0.0,0.0,0.0,test_soc_65
85,0.0,0.0,0.0,test_soc_65
86,0.0,0.0,0.0,test_soc_65
87,0.0,0.0,0.0,test_soc_65
88,0.0,0.0,0.0,test_soc_65
89,0.0,0.0,0.0,test_soc_65
90,0.0,0.0,0.0,test_soc_65
91,0.0,0.0,0.0,test_soc_65
92,0.0,0.0,0.0,test_soc_65
93,0.0,0.0,0.0,test_soc_65
94,0.0,0.0,0.0,test_soc_65
95,0.0,0.0,0.0,test_soc_65
96,0.0,0.0,0.0,test_soc_65
97,0.0,0.0,0.0,test_soc_65
98,0.0,0.0,0.0,test_soc_65
99,0.0,0.0,0.0,test_soc_65
100,0.0,0.0,0.0,test_soc_65
101,0.0,0.0,0.0,test_soc_65
102,0.0,0.0,0.0,test_soc_65
103,0.0,0.0,0.0,test_soc_65
104,0.0,0.0,0.0,test_soc_65
105,0.0,0.0,0.0,test_soc_65
106,0.0,0.0,0.0,test_soc_65
107,0.0,0.0,0.0,test_soc_65
108,0.0,0.0,0.0,test_soc_65
109,0.0,0.0,0.0,test_soc_65
110,0.0,0.0,0.0,test_soc_65
111,0.0,0.0,0.0,test_soc_65
112,0.0,0.0,0.0,test_soc_65
113,0.0,0.0,0.0,test_soc_65
114,0.0,0.0,0.0,test_soc_65
115,0.0,0.0,0.0,test_soc_65
116,0.0,0.0,0.0,test_soc_65
117,0.0,0.0,0.0,test_soc_65
118,0.0,0.0,0.0,test_soc_65
119,0.0,0.0,0.0,test_soc_65
120,,,,test_soc_65
0,0.0,0.0,0.0,test_soc_70
1,34.0,14.0,7.0,test_soc_70
2,37.0,15.0,8.0,test_soc_70
3,39.0,16.0,8.0,test_soc_70
4,42.0,17.0,9.0,test_soc_70
5,45.0,18.0,9.0,test_soc_70
6,48.0,20.0,10.0,test_soc_70
7,52.0,21.0,11.0,test_soc_70
8,55.0,22.0,11.0,test_soc_70
9,59.0,24.0,12.0,test_soc_70
10,63.0,25.0,13.0,test_soc_70
11,67.0,27.0,14.0,test_soc_70
12,72.0,29.0,15.0,test_soc_70
13,77.0,31.0,16.0,test_soc_70
14,82.0,33.0,17.0,test_soc_70
15,87.0,35.0,18.0,test_soc_70
16,93.0,37.0,19.0,test_soc_70
17,99.0,40.0,20.0,test_soc_70
18,105.0,42.0,21.0,test_soc_70
19,112.0,45.0,23.0,test_soc_70
20,118.0,48.0,24.0,test_soc_70
21,126.0,51.0,26.0,test_soc_70
22,133.0,54.0,27.0,test_soc_70
23,141.0,57.0,29.0,test_soc_70
24,149.0,60.0,30.0,test_soc_70
25,157.0,63.0,32.0,test_soc_70
26,166.0,67.0,34.0,test_soc_70
27,175.0,70.0,35.0,test_soc_70
28,184.0,74.0,37.0,test_soc_70
29,193.0,78.0,39.0,test_soc_70
30,203.0,81.0,41.0,test_soc_70
31,212.0,85.0,43.0,test_soc_70
32,222.0,89.0,45.0,test_soc_70
33,231.0,93.0,47.0,test_soc_70
34,240.0,96.0,48.0,test_soc_70
35,250.0,100.0,50.0,test_soc_70
36,259.0,104.0,52.0,test_soc_70
37,267.0,107.0,54.0,test_soc_70
38,275.0,110.0,55.0,test_soc_70
39,283.0,113.0,57.0,test_soc_70
40,290.0,116.0,58.0,test_soc_70
41,296.0,119.0,60.0,test_soc_70
42,301.0,121.0,61.0,test_soc_70
43,305.0,122.0,61.0,test_soc_70
44,308.0,124.0,62.0,test_soc_70
45,310.0,124.0,62.0,test_soc_70
46,311.0,125.0,63.0,test_soc_70
47,310.0,124.0,62.0,test_soc_70
48,308.0,123.0,62.0,test_soc_70
49,304.0,122.0,61.0,test_soc_70
50,298.0,120.0,60.0,test_soc_70
51,291.0,117.0,59.0,test_soc_70
52,283.0,113.0,57.0,test_soc_70
53,273.0,109.0,55.0,test_soc_70
54,261.0,105.0,53.0,test_soc_70
55,247.0,99.0,50.0,test_soc_70
56,233.0,93.0,47.0,test_soc_70
57,217.0,87.0,44.0,test_soc_70
58,199.0,80.0,40.0,test_soc_70
59,181.0,73.0,37.0,test_soc_70
60,161.0,65.0,33.0,test_soc_70
61,141.0,57.0,29.0,test_soc_70
62,120.0,48.0,24.0,test_soc_70
63,99.0,40.0,20.0,test_soc_70
64,77.0,31.0,16.0,test_soc_70
65,55.0,22.0,11.0,test_soc_70
66,33.0,14.0,7.0,test_soc_70
67,12.0,5.0,3.0,test_soc_70
68,0.0,0.0,0.0,test_soc_70
69,0.0,0.0,0.0,test_soc_70
70,0.0,0.0,0.0,test_soc_70
71,0.0,0.0,0.0,test_soc_70
72,0.0,0.0,0.0,test_soc_70
73,0.0,0.0,0.0,test_soc_70
74,0.0,0.0,0.0,test_soc_70
75,0.0,0.0,0.0,test_soc_70
76,0.0,0.0,0.0,test_soc_70
77,0.0,0.0,0.0,test_soc_70
78,0.0,0.0,0.0,test_soc_70
79,0.0,0.0,0.0,test_soc_70
80,0.0,0.0,0.0,test_soc_70
81,0.0,0.0,0.0,test_soc_70
82,0.0,0.0,0.0,test_soc_70
83,0.0,0.0,0.0,test_soc_70
84,0.0,0.0,0.0,test_soc_70
85,0.0,0.0,0.0,test_soc_70
86,0.0,0.0,0.0,test_soc_70
87,0.0,0.0,0.0,test_soc_70
88,0.0,0.0,0.0,test_soc_70
89,0.0,0.0,0.0,test_soc_70
90,0.0,0.0,0.0,test_soc_70
91,0.0,0.0,0.0,test_soc_70
92,0.0,0.0,0.0,test_soc_70
93,0.0,0.0,0.0,test_soc_70
94,0.0,0.0,0.0,test_soc_70
95,0.0,0.0,0.0,test_soc_70
96,0.0,0.0,0.0,test_soc_70
97,0.0,0.0,0.0,test_soc_70
98,0.0,0.0,0.0,test_soc_70
99,0.0,0.0,0.0,test_soc_70
100,0.0,0.0,0.0,test_soc_70
101,0.0,0.0,0.0,test_soc_70
102,0.0,0.0,0.0,test_soc_70
103,0.0,0.0,0.0,test_soc_70
104,0.0,0.0,0.0,test_soc_70
105,0.0,0.0,0.0,test_soc_70
106,0.0,0.0,0.0,test_soc_70
107,0.0,0.0,0.0,test_soc_70
108,0.0,0.0,0.0,test_soc_70
109,0.0,0.0,0.0,test_soc_70
110,0.0,0.0,0.0,test_soc_70
111,0.0,0.0,0.0,test_soc_70
112,0.0,0.0,0.0,test_soc_70
113,0.0,0.0,0.0,test_soc_70
114,0.0,0.0,0.0,test_soc_70
115,0.0,0.0,0.0,test_soc_70
116,0.0,0.0,0.0,test_soc_70
117,0.0,0.0,0.0,test_soc_70
118,0.0,0.0,0.0,test_soc_70
119,0.0,0.0,0.0,test_soc_70
120,,,,test_soc_70
0,0.0,0.0,0.0,test_soc_75
1,34.0,14.0,7.0,test_soc_75
2,37.0,15.0,8.0,test_soc_75
3,39.0,16.0,8.0,test_soc_75
4,42.0,17.0,9.0,test_soc_75
5,45.0,18.0,9.0,test_soc_75
6,48.0,20.0,10.0,test_soc_75
7,52.0,21.0,11.0,test_soc_75
8,55.0,22.0,11.0,test_soc_75
9,59.0,24.0,12.0,test_soc_75
10,63.0,25.0,13.0,test_soc_75
11,67.0,27.0,14.0,test_soc_75
12,72.0,29.0,15.0,test_soc_75
13,77.0,31.0,16.0,test_soc_75
14,82.0,33.0,17.0,test_soc_75
15,87.0,35.0,18.0,test_soc_75
16,93.0,37.0,19.0,test_soc_75
17,99.0,40.0,20.0,test_soc_75
18,105.0,42.0,21.0,test_soc_75
19,112.0,45.0,23.0,test_soc_75
20,118.0,48.0,24.0,test_soc_75
21,126.0,51.0,26.0,test_soc_75
22,133.0,54.0,27.0,test_soc_75
23,141.0,57.0,29.0,test_soc_75
24,149.0,60.0,30.0,test_soc_75
25,157.0,63.0,32.0,test_soc_75
26,166.0,67.0,34.0,test_soc_75
27,175.0,70.0,35.0,test_soc_75
28,184.0,74.0,37.0,test_soc_75
29,193.0,78.0,39.0,test_soc_75
30,203.0,81.0,41.0,test_soc_75
31,212.0,85.0,43.0,test_soc_75
32,222.0,89.0,45.0,test_soc_75
33,231.0,93.0,47.0,test_soc_75
34,240.0,96.0,48.0,test_soc_75
35,250.0,100.0,50.0,test_soc_75
36,259.0,104.0,52.0,test_soc_75
37,267.0,107.0,54.0,test_soc_75
38,275.0,110.0,55.0,test_soc_75
39,283.0,113.0,57.0,test_soc_75
40,290.0,116.0,58.0,test_soc_75
41,296.0,119.0,60.0,test_soc_75
42,301.0,121.0,61.0,test_soc_75
43,305.0,122.0,61.0,test_soc_75
44,308.0,124.0,62.0,test_soc_75
45,310.0,124.0,62.0,test_soc_75
46,311.0,125.0,63.0,test_soc_75
47,310.0,124.0,62.0,test_soc_75
48,308.0,123.0,62.0,test_soc_75
49,304.0,122.0,61.0,test_soc_75
50,298.0,120.0,60.0,test_soc_75
51,291.0,117.0,59.0,test_soc_75
52,283.0,113.0,57.0,test_soc_75
53,273.0,109.0,55.0,test_soc_75
54,261.0,105.0,53.0,test_soc_75
55,247.0,99.0,50.0,test_soc_75
56,233.0,93.0,47.0,test_soc_75
57,217.0,87.0,44.0,test_soc_75
58,199.0,80.0,40.0,test_soc_75
59,181.0,73.0,37.0,test_soc_75
60,161.0,65.0,33.0,test_soc_75
61,141.0,57.0,29.0,test_soc_75
62,120.0,48.0,24.0,test_soc_75
63,99.0,40.0,20.0,test_soc_75
64,77.0,31.0,16.0,test_soc_75
65,55.0,22.0,11.0,test_soc_75
66,33.0,14.0,7.0,test_soc_75
67,12.0,5.0,3.0,test_soc_75
68,0.0,0.0,0.0,test_soc_75
69,0.0,0.0,0.0,test_soc_75
70,0.0,0.0,0.0,test_soc_75
71,0.0,0.0,0.0,test_soc_75
72,0.0,0.0,0.0,test_soc_75
73,0.0,0.0,0.0,test_soc_75
74,0.0,0.0,0.0,test_soc_75
75,0.0,0.0,0.0,test_soc_75
76,0.0,0.0,0.0,test_soc_75
77,0.0,0.0,0.0,test_soc_75
78,0.0,0.0,0.0,test_soc_75
79,0.0,0.0,0.0,test_soc_75
80,0.0,0.0,0.0,test_soc_75
81,0.0,0.0,0.0,test_soc_75
82,0.0,0.0,0.0,test_soc_75
83,0.0,0.0,0.0,test_soc_75
84,0.0,0.0,0.0,test_soc_75
85,0.0,0.0,0.0,test_soc_75
86,0.0,0.0,0.0,test_soc_75
87,0.0,0.0,0.0,test_soc_75
88,0.0,0.0,0.0,test_soc_75
89,0.0,0.0,0.0,test_soc_75
90,0.0,0.0,0.0,test_soc_75
91,0.0,0.0,0.0,test_soc_75
92,0.0,0.0,0.0,test_soc_75
93,0.0,0.0,0.0,test_soc_75
94,0.0,0.0,0.0,test_soc_75
95,0.0,0.0,0.0,test_soc_75
96,0.0,0.0,0.0,test_soc_75
97,0.0,0.0,0.0,test_soc_75
98,0.0,0.0,0.0,test_soc_75
99,0.0,0.0,0.0,test_soc_75
100,0.0,0.0,0.0,test_soc_75
101,0.0,0.0,0.0,test_soc_75
102,0.0,0.0,0.0,test_soc_75
103,0.0,0.0,0.0,test_soc_75
104,0.0,0.0,0.0,test_soc_75
105,0.0,0.0,0.0,test_soc_75
106,0.0,0.0,0.0,test_soc_75
107,0.0,0.0,0.0,test_soc_75
108,0.0,0.0,0.0,test_soc_75
109,0.0,0.0,0.0,test_soc_75
110,0.0,0.0,0.0,test_soc_75
111,0.0,0.0,0.0,test_soc_75
112,0.0,0.0,0.0,test_soc_75
113,0.0,0.0,0.0,test_soc_75
114,0.0,0.0,0.0,test_soc_75
115,0.0,0.0,0.0,test_soc_75
116,0.0,0.0,0.0,test_soc_75
117,0.0,0.0,0.0,test_soc_75
118,0.0,0.0,0.0,test_soc_75
119,0.0,0.0,0.0,test_soc_75
120,,,,test_soc_75
0,0.0,0.0,0.0,test_soc_80
1,34.0,14.0,7.0,test_soc_80
2,37.0,15.0,8.0,test_soc_80
3,39.0,16.0,8.0,test_soc_80
4,42.0,17.0,9.0,test_soc_80
5,45.0,18.0,9.0,test_soc_80
6,48.0,20.0,10.0,test_soc_80
7,52.0,21.0,11.0,test_soc_80
8,55.0,22.0,11.0,test_soc_80
9,59.0,24.0,12.0,test_soc_80
10,63.0,25.0,13.0,test_soc_80
11,67.0,27.0,14.0,test_soc_80
12,72.0,29.0,15.0,test_soc_80
13,77.0,31.0,16.0,test_soc_80
14,82.0,33.0,17.0,test_soc_80
15,87.0,35.0,18.0,test_soc_80
16,93.0,37.0,19.0,test_soc_80
17,99.0,40.0,20.0,test_soc_80
18,105.0,42.0,21.0,test_soc_80
19,112.0,45.0,23.0,test_soc_80
20,118.0,48.0,24.0,test_soc_80
21,126.0,51.0,26.0,test_soc_80
22,133.0,54.0,27.0,test_soc_80
23,141.0,57.0,29.0,test_soc_80
24,149.0,60.0,30.0,test_soc_80
25,157.0,63.0,32.0,test_soc_80
26,166.0,67.0,34.0,test_soc_80
27,175.0,70.0,35.0,test_soc_80
28,184.0,74.0,37.0,test_soc_80
29,193.0,78.0,39.0,test_soc_80
30,203.0,81.0,41.0,test_soc_80
31,212.0,85.0,43.0,test_soc_80
32,222.0,89.0,45.0,test_soc_80
33,231.0,93.0,47.0,test_soc_80
34,240.0,96.0,48.0,test_soc_80
35,250.0,100.0,50.0,test_soc_80
36,259.0,104.0,52.0,test_soc_80
37,267.0,107.0,54.0,test_soc_80
38,275.0,110.0,55.0,test_soc_80
39,283.0,113.0,57.0,test_soc_80
40,290.0,116.0,58.0,test_soc_80
41,296.0,119.0,60.0,test_soc_80
42,301.0,121.0,61.0,test_soc_80
43,305.0,122.0,61.0,test_soc_80
44,308.0,124.0,62.0,test_soc_80
45,310.0,124.0,62.0,test_soc_80
46,311.0,125.0,63.0,test_soc_80
47,310.0,124.0,62.0,test_soc_80
48,308.0,123.0,62.0,test_soc_80
49,304.0,122.0,61.0,test_soc_80
50,298.0,120.0,60.0,test_soc_80
51,291.0,117.0,59.0,test_soc_80
52,283.0,113.0,57.0,test_soc_80
53,273.0,109.0,55.0,test_soc_80
54,261.0,105.0,53.0,test_soc_80
55,247.0,99.0,50.0,test_soc_80
56,233.0,93.0,47.0,test_soc_80
57,217.0,87.0,44.0,test_soc_80
58,199.0,80.0,40.0,test_soc_80
59,181.0,73.0,37.0,test_soc_80
60,161.0,65.0,33.0,test_soc_80
61,141.0,57.0,29.0,test_soc_80
62,120.0,48.0,24.0,test_soc_80
63,99.0,40.0,20.0,test_soc_80
64,77.0,31.0,16.0,test_soc_80
65,55.0,22.0,11.0,test_soc_80
66,33.0,14.0,7.0,test_soc_80
67,12.0,5.0,3.0,test_soc_80
68,0.0,0.0,0.0,test_soc_80
69,0.0,0.0,0.0,test_soc_80
70,0.0,0.0,0.0,test_soc_80
71,0.0,0.0,0.0,test_soc_80
72,0.0,0.0,0.0,test_soc_80
73,0.0,0.0,0.0,test_soc_80
74,0.0,0.0,0.0,test_soc_80
75,0.0,0.0,0.0,test_soc_80
76,0.0,0.0,0.0,test_soc_80
77,0.0,0.0,0.0,test_soc_80
78,0.0,0.0,0.0,test_soc_80
79,0.0,0.0,0.0,test_soc_80
80,0.0,0.0,0.0,test_soc_80
81,0.0,0.0,0.0,test_soc_80
82,0.0,0.0,0.0,test_soc_80
83,0.0,0.0,0.0,test_soc_80
84,0.0,0.0,0.0,test_soc_80
85,0.0,0.0,0.0,test_soc_80
86,0.0,0.0,0.0,test_soc_80
87,0.0,0.0,0.0,test_soc_80
88,0.0,0.0,0.0,test_soc_80
89,0.0,0.0,0.0,test_soc_80
90,0.0,0.0,0.0,test_soc_80
91,0.0,0.0,0.0,test_soc_80
92,0.0,0.0,0.0,test_soc_80
93,0.0,0.0,0.0,test_soc_80
94,0.0,0.0,0.0,test_soc_80
95,0.0,0.0,0.0,test_soc_80
96,0.0,0.0,0.0,test_soc_80
97,0.0,0.0,0.0,test_soc_80
98,0.0,0.0,0.0,test_soc_80
99,0.0,0.0,0.0,test_soc_80
100,0.0,0.0,0.0,test_soc_80
101,0.0,0.0,0.0,test_soc_80
102,0.0,0.0,0.0,test_soc_80
103,0.0,0.0,0.0,test_soc_80
104,0.0,0.0,0.0,test_soc_80
105,0.0,0.0,0.0,test_soc_80
106,0.0,0.0,0.0,test_soc_80
107,0.0,0.0,0.0,test_soc_80
108,0.0,0.0,0.0,test_soc_80
109,0.0,0.0,0.0,test_soc_80
110,0.0,0.0,0.0,test_soc_80
111,0.0,0.0,0.0,test_soc_80
112,0.0,0.0,0.0,test_soc_80
113,0.0,0.0,0.0,test_soc_80
114,0.0,0.0,0.0,test_soc_80
115,0.0,0.0,0.0,test_soc_80
116,0.0,0.0,0.0,test_soc_80
117,0.0,0.0,0.0,test_soc_80
118,0.0,0.0,0.0,test_soc_80
119,0.0,0.0,0.0,test_soc_80
120,,,,test_soc_80
0,0.0,0.0,0.0,test_soc_85
1,34.0,14.0,7.0,test_soc_85
2,37.0,15.0,8.0,test_soc_85
3,39.0,16.0,8.0,test_soc_85
4,42.0,17.0,9.0,test_soc_85
5,45.0,18.0,9.0,test_soc_85
6,48.0,20.0,10.0,test_soc_85
7,52.0,21.0,11.0,test_soc_85
8,55.0,22.0,11.0,test_soc_85
9,59.0,24.0,12.0,test_soc_85
10,63.0,25.0,13.0,test_soc_85
11,67.0,27.0,14.0,test_soc_85
12,72.0,29.0,15.0,test_soc_85
13,77.0,31.0,16.0,test_soc_85
14,82.0,33.0,17.0,test_soc_85
15,87.0,35.0,18.0,test_soc_85
16,93.0,37.0,19.0,test_soc_85
17,99.0,40.0,20.0,test_soc_85
18,105.0,42.0,21.0,test_soc_85
19,112.0,45.0,23.0,test_soc_85
20,118.0,48.0,24.0,test_soc_85
21,126.0,51.0,26.0,test_soc_85
22,133.0,54.0,27.0,test_soc_85
23,141.0,57.0,29.0,test_soc_85
24,149.0,60.0,30.0,test_soc_85
25,157.0,63.0,32.0,test_soc_85
26,166.0,67.0,34.0,test_soc_85
27,175.0,70.0,35.0,test_soc_85
28,184.0,74.0,37.0,test_soc_85
29,193.0,78.0,39.0,test_soc_85
30,203.0,81.0,41.0,test_soc_85
31,212.0,85.0,43.0,test_soc_85
32,222.0,89.0,45.0,test_soc_85
33,231.0,93.0,47.0,test_soc_85
34,240.0,96.0,48.0,test_soc_85
35,250.0,100.0,50.0,test_soc_85
36,259.0,104.0,52.0,test_soc_85
37,267.0,107.0,54.0,test_soc_85
38,275.0,110.0,55.0,test_soc_85
39,283.0,113.0,57.0,test_soc_85
40,290.0,116.0,58.0,test_soc_85
41,296.0,119.0,60.0,test_soc_85
42,301.0,121.0,61.0,test_soc_85
43,305.0,122.0,61.0,test_soc_85
44,308.0,124.0,62.0,test_soc_85
45,310.0,124.0,62.0,test_soc_85
46,311.0,125.0,63.0,test_soc_85
47,310.0,124.0,62.0,test_soc_85
48,308.0,123.0,62.0,test_soc_85
49,304.0,122.0,61.0,test_soc_85
50,298.0,120.0,60.0,test_soc_85
51,291.0,117.0,59.0,test_soc_85
52,283.0,113.0,57.0,test_soc_85
53,273.0,109.0,55.0,test_soc_85
54,261.0,105.0,53.0,test_soc_85
55,247.0,99.0,50.0,test_soc_85
56,233.0,93.0,47.0,test_soc_85
57,217.0,87.0,44.0,test_soc_85
58,199.0,80.0,40.0,test_soc_85
59,181.0,73.0,37.0,test_soc_85
60,161.0,65.0,33.0,test_soc_85
61,141.0,57.0,29.0,test_soc_85
62,120.0,48.0,24.0,test_soc_85
63,99.0,40.0,20.0,test_soc_85
64,77.0,31.0,16.0,test_soc_85
65,55.0,22.0,11.0,test_soc_85
66,33.0,14.0,7.0,test_soc_85
67,12.0,5.0,3.0,test_soc_85
68,0.0,0.0,0.0,test_soc_85
69,0.0,0.0,0.0,test_soc_85
70,0.0,0.0,0.0,test_soc_85
71,0.0,0.0,0.0,test_soc_85
72,0.0,0.0,0.0,test_soc_85
73,0.0,0.0,0.0,test_soc_85
74,0.0,0.0,0.0,test_soc_85
75,0.0,0.0,0.0,test_soc_85
76,0.0,0.0,0.0,test_soc_85
77,0.0,0.0,0.0,test_soc_85
78,0.0,0.0,0.0,test_soc_85
79,0.0,0.0,0.0,test_soc_85
80,0.0,0.0,0.0,test_soc_85
81,0.0,0.0,0.0,test_soc_85
82,0.0,0.0,0.0,test_soc_85
83,0.0,0.0,0.0,test_soc_85
84,0.0,0.0,0.0,test_soc_85
85,0.0,0.0,0.0,test_soc_85
86,0.0,0.0,0.0,test_soc_85
87,0.0,0.0,0.0,test_soc_85
88,0.0,0.0,0.0,test_soc_85
89,0.0,0.0,0.0,test_soc_85
90,0.0,0.0,0.0,test_soc_85
91,0.0,0.0,0.0,test_soc_85
92,0.0,0.0,0.0,test_soc_85
93,0.0,0.0,0.0,test_soc_85
94,0.0,0.0,0.0,test_soc_85
95,0.0,0.0,0.0,test_soc_85
96,0.0,0.0,0.0,test_soc_85
97,0.0,0.0,0.0,test_soc_85
98,0.0,0.0,0.0,test_soc_85
99,0.0,0.0,0.0,test_soc_85
100,0.0,0.0,0.0,test_soc_85
101,0.0,0.0,0.0,test_soc_85
102,0.0,0.0,0.0,test_soc_85
103,0.0,0.0,0.0,test_soc_85
104,0.0,0.0,0.0,test_soc_85
105,0.0,0.0,0.0,test_soc_85
106,0.0,0.0,0.0,test_soc_85
107,0.0,0.0,0.0,test_soc_85
108,0.0,0.0,0.0,test_soc_85
109,0.0,0.0,0.0,test_soc_85
110,0.0,0.0,0.0,test_soc_85
111,0.0,0.0,0.0,test_soc_85
112,0.0,0.0,0.0,test_soc_85
113,0.0,0.0,0.0,test_soc_85
114,0.0,0.0,0.0,test_soc_85
115,0.0,0.0,0.0,test_soc_85
116,0.0,0.0,0.0,test_soc_85
117,0.0,0.0,0.0,test_soc_85
118,0.0,0.0,0.0,test_soc_85
119,0.0,0.0,0.0,test_soc_85
120,,,,test_soc_85
